time,close_BCN,high_BCN,low_BCN,open_BCN,volumefrom_BCN,volumeto_BCN
2017-09-15 11:01:00,3.3e-07,3.3e-07,3.3e-07,3.3e-07,0.0,0.0
2017-09-15 11:02:00,3.4e-07,3.4e-07,3.3e-07,3.3e-07,75017.12,0.02479
2017-09-15 11:03:00,3.4e-07,3.4e-07,3.4e-07,3.4e-07,0.0,0.0
2017-09-15 11:04:00,3.3e-07,3.4e-07,3.3e-07,3.4e-07,360.72,0.000119
2017-09-15 11:05:00,3.3e-07,3.3e-07,3.3e-07,3.3e-07,0.0,0.0
2017-09-15 11:06:00,3.3e-07,3.3e-07,3.3e-07,3.3e-07,0.0,0.0
2017-09-15 11:07:00,3.3e-07,3.3e-07,3.3e-07,3.3e-07,10000.0,0.0033
2017-09-15 11:08:00,3.3e-07,3.3e-07,3.3e-07,3.3e-07,177866.92,0.0587
2017-09-15 11:09:00,3.3e-07,3.3e-07,3.3e-07,3.3e-07,920661.4,0.3038
2017-09-15 11:10:00,3.3e-07,3.4e-07,3.2e-07,3.3e-07,5470982.66,1.79
2017-09-15 11:11:00,3.2e-07,3.4e-07,3.2e-07,3.3e-07,47218.3,0.01554
2017-09-15 11:12:00,3.4e-07,3.4e-07,3.2e-07,3.2e-07,103030.3,0.03342
2017-09-15 11:13:00,3.4e-07,3.4e-07,3.4e-07,3.4e-07,1463.26,0.0004975
2017-09-15 11:14:00,3.4e-07,3.4e-07,3.4e-07,3.4e-07,0.0,0.0
2017-09-15 11:15:00,3.4e-07,3.4e-07,3.4e-07,3.4e-07,0.0,0.0
2017-09-15 11:16:00,3.2e-07,3.4e-07,3.2e-07,3.4e-07,5733299.04,1.84
2017-09-15 11:17:00,3.3e-07,3.3e-07,3.2e-07,3.2e-07,362817.39,0.1186
2017-09-15 11:18:00,3.3e-07,3.3e-07,3.2e-07,3.3e-07,999637.33,0.3199
2017-09-15 11:19:00,3.3e-07,3.3e-07,3.2e-07,3.3e-07,647201.11,0.2129
2017-09-15 11:20:00,3.3e-07,3.3e-07,3.2e-07,3.3e-07,123705.2,0.04034
2017-09-15 11:21:00,3.3e-07,3.3e-07,3.3e-07,3.3e-07,0.0,0.0
2017-09-15 11:22:00,3.2e-07,3.3e-07,3.2e-07,3.3e-07,4347938.19,1.39
2017-09-15 11:23:00,3.4e-07,3.4e-07,3.1e-07,3.2e-07,4286591.84,1.37
2017-09-15 11:24:00,3.3e-07,3.4e-07,3.2e-07,3.4e-07,557271.86,0.1839
2017-09-15 11:25:00,3.3e-07,3.3e-07,3.2e-07,3.3e-07,158717.4,0.05109
2017-09-15 11:26:00,3.1e-07,3.3e-07,3.1e-07,3.3e-07,486706.56,0.1551
2017-09-15 11:27:00,3.1e-07,3.2e-07,3.1e-07,3.1e-07,3544297.85,1.1
2017-09-15 11:28:00,3.1e-07,3.1e-07,3.1e-07,3.1e-07,1545014.32,0.479
2017-09-15 11:29:00,3.2e-07,3.2e-07,3.1e-07,3.1e-07,408726.72,0.1273
2017-09-15 11:30:00,3.1e-07,3.2e-07,3.1e-07,3.2e-07,2534937.5,0.7858
2017-09-15 11:31:00,3.1e-07,3.3e-07,3.1e-07,3.1e-07,2346734.1,0.7563
2017-09-15 11:32:00,3.2e-07,3.3e-07,3.1e-07,3.1e-07,264373.61,0.08723
2017-09-15 11:33:00,3.1e-07,3.2e-07,3.1e-07,3.2e-07,14977.5,0.004643
2017-09-15 11:34:00,3.1e-07,3.2e-07,3.1e-07,3.1e-07,510690.9,0.1599
2017-09-15 11:35:00,3.1e-07,3.1e-07,3.1e-07,3.1e-07,714191.56,0.2214
2017-09-15 11:36:00,3.1e-07,3.2e-07,3.1e-07,3.1e-07,323504.96,0.1005
2017-09-15 11:37:00,3.1e-07,3.1e-07,3.1e-07,3.1e-07,939080.9,0.2911
2017-09-15 11:38:00,3.1e-07,3.1e-07,3.1e-07,3.1e-07,1922046.95,0.5958
2017-09-15 11:39:00,3.1e-07,3.2e-07,3.1e-07,3.1e-07,140551.52,0.0436
2017-09-15 11:40:00,3.1e-07,3.1e-07,3.1e-07,3.1e-07,775.91,0.0002405
2017-09-15 11:41:00,3.1e-07,3.2e-07,3.1e-07,3.1e-07,623153.72,0.1938
2017-09-15 11:42:00,3.1e-07,3.1e-07,3.1e-07,3.1e-07,0.0,0.0
2017-09-15 11:43:00,3.1e-07,3.1e-07,3.1e-07,3.1e-07,20068.0,0.006221
2017-09-15 11:44:00,3.1e-07,3.1e-07,3.1e-07,3.1e-07,7432.18,0.002304
2017-09-15 11:45:00,3.2e-07,3.2e-07,3.1e-07,3.1e-07,20060.0,0.006419
2017-09-15 11:46:00,3.1e-07,3.2e-07,3.1e-07,3.2e-07,726078.14,0.2255
2017-09-15 11:47:00,3.1e-07,3.1e-07,3.1e-07,3.1e-07,8146.97,0.002526
2017-09-15 11:48:00,3.1e-07,3.1e-07,3.1e-07,3.1e-07,164362.39,0.05095
2017-09-15 11:49:00,3.2e-07,3.2e-07,3.1e-07,3.1e-07,625000.0,0.2
2017-09-15 11:50:00,3.2e-07,3.2e-07,3.2e-07,3.2e-07,0.0,0.0
2017-09-15 11:51:00,3.2e-07,3.2e-07,3.2e-07,3.2e-07,0.0,0.0
2017-09-15 11:52:00,3.2e-07,3.2e-07,3.2e-07,3.2e-07,9810.41,0.003139
2017-09-15 11:53:00,3.1e-07,3.2e-07,3.1e-07,3.2e-07,100596.1,0.03118
2017-09-15 11:54:00,3.2e-07,3.2e-07,3.1e-07,3.1e-07,19559.28,0.006259
2017-09-15 11:55:00,3.1e-07,3.2e-07,3.1e-07,3.2e-07,2610527.44,0.8095
2017-09-15 11:56:00,3.2e-07,3.2e-07,3.1e-07,3.1e-07,6250.0,0.002
2017-09-15 11:57:00,3.2e-07,3.2e-07,3.2e-07,3.2e-07,3125000.0,1.0
2017-09-15 11:58:00,3.1e-07,3.2e-07,3.1e-07,3.2e-07,101259.48,0.03139
2017-09-15 11:59:00,3.1e-07,3.1e-07,3.1e-07,3.1e-07,0.0,0.0
2017-09-15 12:00:00,3.1e-07,3.2e-07,3.1e-07,3.1e-07,41232.15,0.01284
2017-09-15 12:01:00,3.1e-07,3.2e-07,3.1e-07,3.1e-07,527823.44,0.1638
2017-09-15 12:02:00,3.2e-07,3.2e-07,3.1e-07,3.1e-07,15625.0,0.005
2017-09-15 12:03:00,3.2e-07,3.2e-07,3.1e-07,3.2e-07,101322.61,0.03242
2017-09-15 12:04:00,3.2e-07,3.2e-07,3.2e-07,3.2e-07,0.0,0.0
2017-09-15 12:05:00,3.1e-07,3.2e-07,3.1e-07,3.2e-07,85302.64,0.02644
2017-09-15 12:06:00,3.1e-07,3.1e-07,3.1e-07,3.1e-07,0.0,0.0
2017-09-15 12:07:00,3.2e-07,3.2e-07,3.1e-07,3.1e-07,3100.0,0.000992
2017-09-15 12:08:00,3.2e-07,3.2e-07,3.2e-07,3.2e-07,0.0,0.0
2017-09-15 12:09:00,3.1e-07,3.2e-07,3.1e-07,3.2e-07,921281.13,0.2879
2017-09-15 12:10:00,3.1e-07,3.2e-07,3.1e-07,3.1e-07,15971.94,0.005107
2017-09-15 12:11:00,3.2e-07,3.2e-07,3.1e-07,3.1e-07,17595.93,0.005631
2017-09-15 12:12:00,3.2e-07,3.2e-07,3.2e-07,3.2e-07,0.0,0.0
2017-09-15 12:13:00,3.2e-07,3.2e-07,3.2e-07,3.2e-07,0.0,0.0
2017-09-15 12:14:00,3.1e-07,3.2e-07,3.1e-07,3.2e-07,356.7,0.0001106
2017-09-15 12:15:00,3.2e-07,3.2e-07,3.1e-07,3.1e-07,4467040.21,1.43
2017-09-15 12:16:00,3.1e-07,3.2e-07,3.1e-07,3.2e-07,159184.67,0.04935
2017-09-15 12:17:00,3.1e-07,3.2e-07,3.1e-07,3.1e-07,95189.49,0.02981
2017-09-15 12:18:00,3.2e-07,3.2e-07,3.1e-07,3.1e-07,90070.69,0.02832
2017-09-15 12:19:00,3.2e-07,3.2e-07,3.2e-07,3.2e-07,0.0,0.0
2017-09-15 12:20:00,3.2e-07,3.2e-07,3.2e-07,3.2e-07,0.0,0.0
2017-09-15 12:21:00,3.2e-07,3.2e-07,3.2e-07,3.2e-07,30411.58,0.009732
2017-09-15 12:22:00,3.1e-07,3.2e-07,3.1e-07,3.2e-07,1735097.7,0.5379
2017-09-15 12:23:00,3.1e-07,3.1e-07,3.1e-07,3.1e-07,23773.81,0.00737
2017-09-15 12:24:00,3.1e-07,3.1e-07,3.1e-07,3.1e-07,0.0,0.0
2017-09-15 12:25:00,3.1e-07,3.1e-07,3.1e-07,3.1e-07,0.0,0.0
2017-09-15 12:26:00,3.1e-07,3.3e-07,3.1e-07,3.1e-07,2313721.84,0.758
2017-09-15 12:27:00,3.2e-07,3.2e-07,3.1e-07,3.1e-07,53943.36,0.01726
2017-09-15 12:28:00,3.2e-07,3.2e-07,3.2e-07,3.2e-07,0.0,0.0
2017-09-15 12:29:00,3.2e-07,3.3e-07,3.2e-07,3.2e-07,236507.49,0.07653
2017-09-15 12:30:00,3.2e-07,3.2e-07,3.2e-07,3.2e-07,44641.23,0.01429
2017-09-15 12:31:00,3.2e-07,3.2e-07,3.2e-07,3.2e-07,88277.42,0.02825
2017-09-15 12:32:00,3.2e-07,3.2e-07,3.2e-07,3.2e-07,0.0,0.0
2017-09-15 12:33:00,3.2e-07,3.2e-07,3.1e-07,3.2e-07,31700.61,0.01014
2017-09-15 12:34:00,3.2e-07,3.2e-07,3.1e-07,3.2e-07,998281.31,0.3175
2017-09-15 12:35:00,3.2e-07,3.2e-07,3.2e-07,3.2e-07,1600123.06,0.512
2017-09-15 12:36:00,3.2e-07,3.2e-07,3.2e-07,3.2e-07,0.0,0.0
2017-09-15 12:37:00,3.3e-07,3.3e-07,3.2e-07,3.2e-07,3249535.18,1.07
2017-09-15 12:38:00,3.3e-07,3.4e-07,3.3e-07,3.3e-07,334950.12,0.1109
2017-09-15 12:39:00,3.4e-07,3.4e-07,3.3e-07,3.3e-07,88235.29,0.03
2017-09-15 12:40:00,3.3e-07,3.4e-07,3.3e-07,3.4e-07,230408.94,0.07807
2017-09-15 12:41:00,3.3e-07,3.3e-07,3.3e-07,3.3e-07,998.5,0.0003295
2017-09-15 12:42:00,3.3e-07,3.4e-07,3.3e-07,3.3e-07,1806624.04,0.6091
2017-09-15 12:43:00,3.3e-07,3.3e-07,3.3e-07,3.3e-07,1601683.45,0.5286
2017-09-15 12:44:00,3.2e-07,3.3e-07,3.2e-07,3.3e-07,69525.2,0.02281
2017-09-15 12:45:00,3.3e-07,3.3e-07,3.2e-07,3.2e-07,1282281.13,0.4117
2017-09-15 12:46:00,3.1e-07,3.3e-07,3.1e-07,3.3e-07,10585784.88,3.39
2017-09-15 12:47:00,3.2e-07,3.2e-07,3.1e-07,3.1e-07,5258.28,0.001683
2017-09-15 12:48:00,3.2e-07,3.2e-07,3.2e-07,3.2e-07,69701.18,0.0223
2017-09-15 12:49:00,3.2e-07,3.2e-07,3.2e-07,3.2e-07,35350.59,0.01131
2017-09-15 12:50:00,3.2e-07,3.2e-07,3.1e-07,3.2e-07,412574.86,0.1287
2017-09-15 12:51:00,3.2e-07,3.2e-07,3.2e-07,3.2e-07,136585.91,0.04371
2017-09-15 12:52:00,3.2e-07,3.2e-07,3.2e-07,3.2e-07,1495193.68,0.4785
2017-09-15 12:53:00,3.3e-07,3.3e-07,3.1e-07,3.2e-07,833782.84,0.2735
2017-09-15 12:54:00,3.1e-07,3.3e-07,3e-07,3.3e-07,10009751.72,3.1
2017-09-15 12:55:00,3.2e-07,3.2e-07,3.1e-07,3.1e-07,143526.42,0.04529
2017-09-15 12:56:00,3.2e-07,3.2e-07,3.2e-07,3.2e-07,656282.15,0.21
2017-09-15 12:57:00,3.2e-07,3.2e-07,3.1e-07,3.2e-07,72965.73,0.023
2017-09-15 12:58:00,3.1e-07,3.2e-07,3.1e-07,3.2e-07,197393.49,0.06315
2017-09-15 12:59:00,3.2e-07,3.2e-07,3.1e-07,3.1e-07,493752.0,0.158
2017-09-15 13:00:00,3.3e-07,3.3e-07,3.1e-07,3.2e-07,1440348.26,0.4639
2017-09-15 13:01:00,3.2e-07,3.3e-07,3.2e-07,3.3e-07,339264.34,0.109
2017-09-15 13:02:00,3.3e-07,3.3e-07,3.2e-07,3.2e-07,10030.0,0.00331
2017-09-15 13:03:00,3.2e-07,3.3e-07,3.2e-07,3.3e-07,48190.6,0.01542
2017-09-15 13:04:00,3.2e-07,3.3e-07,3.2e-07,3.2e-07,647372.44,0.2103
2017-09-15 13:05:00,3.2e-07,3.2e-07,3.2e-07,3.2e-07,32306.16,0.01034
2017-09-15 13:06:00,3.1e-07,3.2e-07,3.1e-07,3.2e-07,8568939.0,2.68
2017-09-15 13:07:00,3.3e-07,3.3e-07,3.1e-07,3.1e-07,18511.76,0.006109
2017-09-15 13:08:00,3.2e-07,3.2e-07,3.1e-07,3.1e-07,7040.84,0.002253
2017-09-15 13:09:00,3.2e-07,3.2e-07,3.2e-07,3.2e-07,20877.84,0.006681
2017-09-15 13:10:00,3.2e-07,3.2e-07,3.2e-07,3.2e-07,414525.0,0.1326
2017-09-15 13:11:00,3.1e-07,3.2e-07,3.1e-07,3.2e-07,1000.0,0.00031
2017-09-15 13:12:00,3.3e-07,3.3e-07,3.1e-07,3.1e-07,104213.05,0.03338
2017-09-15 13:13:00,3.3e-07,3.3e-07,3.3e-07,3.3e-07,0.0,0.0
2017-09-15 13:14:00,3.3e-07,3.3e-07,3.3e-07,3.3e-07,0.0,0.0
2017-09-15 13:15:00,3.3e-07,3.3e-07,3.3e-07,3.3e-07,0.0,0.0
2017-09-15 13:16:00,3.3e-07,3.3e-07,3.2e-07,3.3e-07,2276.48,0.0007315
2017-09-15 13:17:00,3.3e-07,3.3e-07,3.3e-07,3.3e-07,0.0,0.0
2017-09-15 13:18:00,3.2e-07,3.3e-07,3.2e-07,3.3e-07,37571.3,0.01202
2017-09-15 13:19:00,3.3e-07,3.3e-07,3.2e-07,3.2e-07,1335652.61,0.4284
2017-09-15 13:20:00,3.3e-07,3.3e-07,3.3e-07,3.3e-07,12697.68,0.00419
2017-09-15 13:21:00,3.2e-07,3.3e-07,3.2e-07,3.3e-07,1305934.16,0.4179
2017-09-15 13:22:00,3.3e-07,3.3e-07,3.2e-07,3.2e-07,154649.8,0.051
2017-09-15 13:23:00,3.2e-07,3.3e-07,3.2e-07,3.3e-07,36388.82,0.012
2017-09-15 13:24:00,3.2e-07,3.2e-07,3.2e-07,3.2e-07,100000.0,0.032
2017-09-15 13:25:00,3.2e-07,3.2e-07,3.2e-07,3.2e-07,0.0,0.0
2017-09-15 13:26:00,3.2e-07,3.2e-07,3.2e-07,3.2e-07,0.0,0.0
2017-09-15 13:27:00,3.2e-07,3.2e-07,3.2e-07,3.2e-07,0.0,0.0
2017-09-15 13:28:00,3.2e-07,3.2e-07,3.2e-07,3.2e-07,0.0,0.0
2017-09-15 13:29:00,3.3e-07,3.3e-07,3.2e-07,3.2e-07,9149.99,0.003019
2017-09-15 13:30:00,3.2e-07,3.3e-07,3.2e-07,3.3e-07,31514.46,0.01008
2017-09-15 13:31:00,3.2e-07,3.2e-07,3.2e-07,3.2e-07,199592.7,0.06387
2017-09-15 13:32:00,3.3e-07,3.3e-07,3.2e-07,3.2e-07,138541.67,0.04572
2017-09-15 13:33:00,3.3e-07,3.3e-07,3.2e-07,3.3e-07,464963.07,0.1517
2017-09-15 13:34:00,3.2e-07,3.3e-07,3.2e-07,3.3e-07,16837.37,0.005425
2017-09-15 13:35:00,3.2e-07,3.2e-07,3.2e-07,3.2e-07,31335.39,0.01003
2017-09-15 13:36:00,3.3e-07,3.3e-07,3.2e-07,3.2e-07,2171963.44,0.7164
2017-09-15 13:37:00,3.3e-07,3.3e-07,3.2e-07,3.3e-07,400370.68,0.1304
2017-09-15 13:38:00,3.2e-07,3.3e-07,3.2e-07,3.3e-07,24542.63,0.007854
2017-09-15 13:39:00,3.2e-07,3.2e-07,3.2e-07,3.2e-07,0.0,0.0
2017-09-15 13:40:00,3.2e-07,3.2e-07,3.2e-07,3.2e-07,0.0,0.0
2017-09-15 13:41:00,3.2e-07,3.2e-07,3.2e-07,3.2e-07,0.0,0.0
2017-09-15 13:42:00,3.2e-07,3.2e-07,3.2e-07,3.2e-07,4573524.62,1.46
2017-09-15 13:43:00,3.2e-07,3.2e-07,3.2e-07,3.2e-07,0.0,0.0
2017-09-15 13:44:00,3.3e-07,3.3e-07,3.2e-07,3.2e-07,69576.76,0.02296
2017-09-15 13:45:00,3.2e-07,3.3e-07,3.2e-07,3.3e-07,1288525.37,0.4123
2017-09-15 13:46:00,3.2e-07,3.2e-07,3.2e-07,3.2e-07,0.0,0.0
2017-09-15 13:47:00,3.2e-07,3.2e-07,3.2e-07,3.2e-07,0.0,0.0
2017-09-15 13:48:00,3.2e-07,3.2e-07,3.2e-07,3.2e-07,0.0,0.0
2017-09-15 13:49:00,3.3e-07,3.3e-07,3.2e-07,3.2e-07,12121.21,0.004
2017-09-15 13:50:00,3.3e-07,3.3e-07,3.3e-07,3.3e-07,6887.05,0.002273
2017-09-15 13:51:00,3.3e-07,3.3e-07,3.3e-07,3.3e-07,906651.88,0.2992
2017-09-15 13:52:00,3.3e-07,3.3e-07,3.3e-07,3.3e-07,224000.0,0.07392
2017-09-15 13:53:00,3.3e-07,3.3e-07,3.3e-07,3.3e-07,3116.94,0.001029
2017-09-15 13:54:00,3.3e-07,3.3e-07,3.3e-07,3.3e-07,0.0,0.0
2017-09-15 13:55:00,3.3e-07,3.3e-07,3.3e-07,3.3e-07,1935518.73,0.6387
2017-09-15 13:56:00,3.3e-07,3.3e-07,3.3e-07,3.3e-07,0.0,0.0
2017-09-15 13:57:00,3.3e-07,3.3e-07,3.3e-07,3.3e-07,0.0,0.0
2017-09-15 13:58:00,3.3e-07,3.3e-07,3.3e-07,3.3e-07,976.7,0.0003223
2017-09-15 13:59:00,3.3e-07,3.3e-07,3.3e-07,3.3e-07,1400.0,0.000462
2017-09-15 14:00:00,3.3e-07,3.3e-07,3.3e-07,3.3e-07,0.0,0.0
2017-09-15 14:01:00,3.3e-07,3.3e-07,3.3e-07,3.3e-07,30303.03,0.01
2017-09-15 14:02:00,3.3e-07,3.3e-07,3.3e-07,3.3e-07,557904.55,0.1841
2017-09-15 14:03:00,3.3e-07,3.3e-07,3.3e-07,3.3e-07,0.0,0.0
2017-09-15 14:04:00,3.3e-07,3.3e-07,3.3e-07,3.3e-07,0.0,0.0
2017-09-15 14:05:00,3.3e-07,3.3e-07,3.2e-07,3.3e-07,26870.0,0.008857
2017-09-15 14:06:00,3.3e-07,3.3e-07,3.2e-07,3.3e-07,960.47,0.0003114
2017-09-15 14:07:00,3.3e-07,3.3e-07,3.3e-07,3.3e-07,72727.27,0.024
2017-09-15 14:08:00,3.3e-07,3.3e-07,3.3e-07,3.3e-07,1254856.06,0.4141
2017-09-15 14:09:00,3.3e-07,3.3e-07,3.3e-07,3.3e-07,38958.79,0.01286
2017-09-15 14:10:00,3.3e-07,3.3e-07,3.3e-07,3.3e-07,0.0,0.0
2017-09-15 14:11:00,3.3e-07,3.3e-07,3.3e-07,3.3e-07,0.0,0.0
2017-09-15 14:12:00,3.3e-07,3.3e-07,3.3e-07,3.3e-07,211800.0,0.06989
2017-09-15 14:13:00,3.2e-07,3.3e-07,3.2e-07,3.3e-07,517.0,0.0001654
2017-09-15 14:14:00,3.3e-07,3.3e-07,3.2e-07,3.2e-07,322093.77,0.1063
2017-09-15 14:15:00,3.3e-07,3.3e-07,3.2e-07,3.3e-07,67027.32,0.02181
2017-09-15 14:16:00,3.3e-07,3.3e-07,3.3e-07,3.3e-07,446354.37,0.1473
2017-09-15 14:17:00,3.3e-07,3.3e-07,3.3e-07,3.3e-07,38065.62,0.01256
2017-09-15 14:18:00,3.3e-07,3.3e-07,3.3e-07,3.3e-07,508.62,0.0001678
2017-09-15 14:19:00,3.3e-07,3.4e-07,3.3e-07,3.3e-07,34243.22,0.01156
2017-09-15 14:20:00,3.3e-07,3.3e-07,3.2e-07,3.3e-07,381276.58,0.1258
2017-09-15 14:21:00,3.2e-07,3.3e-07,3.2e-07,3.3e-07,607381.92,0.1944
2017-09-15 14:22:00,3.3e-07,3.3e-07,3.2e-07,3.2e-07,172712.92,0.05695
2017-09-15 14:23:00,3.3e-07,3.3e-07,3.3e-07,3.3e-07,0.0,0.0
2017-09-15 14:24:00,3.3e-07,3.3e-07,3.2e-07,3.3e-07,21968.55,0.007243
2017-09-15 14:25:00,3.3e-07,3.4e-07,3.3e-07,3.3e-07,1075809.57,0.355
2017-09-15 14:26:00,3.3e-07,3.3e-07,3.2e-07,3.3e-07,3773.3,0.001238
2017-09-15 14:27:00,3.3e-07,3.3e-07,3.3e-07,3.3e-07,154345.79,0.05093
2017-09-15 14:28:00,3.3e-07,3.3e-07,3.3e-07,3.3e-07,0.0,0.0
2017-09-15 14:29:00,3.4e-07,3.4e-07,3.3e-07,3.3e-07,10030.0,0.00341
2017-09-15 14:30:00,3.4e-07,3.4e-07,3.3e-07,3.4e-07,78861.14,0.02626
2017-09-15 14:31:00,3.3e-07,3.4e-07,3.3e-07,3.4e-07,11375.0,0.003754
2017-09-15 14:32:00,3.3e-07,3.3e-07,3.3e-07,3.3e-07,0.0,0.0
2017-09-15 14:33:00,3.3e-07,3.3e-07,3.3e-07,3.3e-07,7114.85,0.002348
2017-09-15 14:34:00,3.4e-07,3.4e-07,3.3e-07,3.3e-07,571546.23,0.1943
2017-09-15 14:35:00,3.4e-07,3.4e-07,3.4e-07,3.4e-07,181176.47,0.0616
2017-09-15 14:36:00,3.4e-07,3.4e-07,3.4e-07,3.4e-07,55222.79,0.01878
2017-09-15 14:37:00,3.3e-07,3.4e-07,3.3e-07,3.4e-07,36150.13,0.01193
2017-09-15 14:38:00,3.3e-07,3.3e-07,3.3e-07,3.3e-07,0.0,0.0
2017-09-15 14:39:00,3.3e-07,3.3e-07,3.2e-07,3.3e-07,1454904.1,0.4801
2017-09-15 14:40:00,3.3e-07,3.4e-07,3.3e-07,3.3e-07,1754328.48,0.58
2017-09-15 14:41:00,3.4e-07,3.4e-07,3.3e-07,3.3e-07,1471653.6,0.4867
2017-09-15 14:42:00,3.4e-07,3.4e-07,3.4e-07,3.4e-07,0.0,0.0
2017-09-15 14:43:00,3.4e-07,3.4e-07,3.4e-07,3.4e-07,0.0,0.0
2017-09-15 14:44:00,3.3e-07,3.4e-07,3.3e-07,3.4e-07,22156.16,0.007521
2017-09-15 14:45:00,3.4e-07,3.4e-07,3.3e-07,3.3e-07,66461.41,0.0226
2017-09-15 14:46:00,3.3e-07,3.4e-07,3.3e-07,3.4e-07,36469.3,0.01203
2017-09-15 14:47:00,3.4e-07,3.5e-07,3.3e-07,3.3e-07,8419043.42,2.86
2017-09-15 14:48:00,3.4e-07,3.4e-07,3.4e-07,3.4e-07,576669.27,0.1961
2017-09-15 14:49:00,3.4e-07,3.4e-07,3.4e-07,3.4e-07,1000.0,0.00034
2017-09-15 14:50:00,3.5e-07,3.5e-07,3.4e-07,3.4e-07,565638.19,0.1923
2017-09-15 14:51:00,3.4e-07,3.5e-07,3.3e-07,3.5e-07,361876.78,0.1225
2017-09-15 14:52:00,3.4e-07,3.4e-07,3.4e-07,3.4e-07,735.29,0.00025
2017-09-15 14:53:00,3.4e-07,3.4e-07,3.3e-07,3.4e-07,36171.88,0.01199
2017-09-15 14:54:00,3.4e-07,3.4e-07,3.4e-07,3.4e-07,401200.0,0.1364
2017-09-15 14:55:00,3.4e-07,3.4e-07,3.4e-07,3.4e-07,140835.06,0.04788
2017-09-15 14:56:00,3.4e-07,3.4e-07,3.4e-07,3.4e-07,306727.83,0.1043
2017-09-15 14:57:00,3.3e-07,3.4e-07,3.3e-07,3.4e-07,400690.61,0.1323
2017-09-15 14:58:00,3.4e-07,3.4e-07,3.3e-07,3.3e-07,35759.41,0.01216
2017-09-15 14:59:00,3.4e-07,3.4e-07,3.4e-07,3.4e-07,0.0,0.0
2017-09-15 15:00:00,3.4e-07,3.4e-07,3.4e-07,3.4e-07,0.0,0.0
2017-09-15 15:01:00,3.4e-07,3.4e-07,3.4e-07,3.4e-07,147058.82,0.05
2017-09-15 15:02:00,3.3e-07,3.4e-07,3.3e-07,3.4e-07,20161.91,0.006653
2017-09-15 15:03:00,3.4e-07,3.4e-07,3.3e-07,3.3e-07,112620.98,0.03729
2017-09-15 15:04:00,3.4e-07,3.4e-07,3.4e-07,3.4e-07,278096.53,0.09455
2017-09-15 15:05:00,3.3e-07,3.4e-07,3.3e-07,3.4e-07,998.5,0.0003295
2017-09-15 15:06:00,3.3e-07,3.3e-07,3.3e-07,3.3e-07,0.0,0.0
2017-09-15 15:07:00,3.3e-07,3.3e-07,3.3e-07,3.3e-07,0.0,0.0
2017-09-15 15:08:00,3.4e-07,3.4e-07,3.3e-07,3.3e-07,686764.03,0.2335
2017-09-15 15:09:00,3.4e-07,3.4e-07,3.4e-07,3.4e-07,3597.06,0.001223
2017-09-15 15:10:00,3.4e-07,3.4e-07,3.4e-07,3.4e-07,0.0,0.0
2017-09-15 15:11:00,3.4e-07,3.4e-07,3.4e-07,3.4e-07,323529.41,0.11
2017-09-15 15:12:00,3.4e-07,3.4e-07,3.4e-07,3.4e-07,29411.76,0.01
2017-09-15 15:13:00,3.5e-07,3.5e-07,3.4e-07,3.4e-07,567615.03,0.1933
2017-09-15 15:14:00,3.4e-07,3.5e-07,3.4e-07,3.5e-07,72857.14,0.0252
2017-09-15 15:15:00,3.5e-07,3.5e-07,3.4e-07,3.4e-07,209306.7,0.07293
2017-09-15 15:16:00,3.4e-07,3.5e-07,3.4e-07,3.5e-07,1288.39,0.000438
2017-09-15 15:17:00,3.5e-07,3.5e-07,3.4e-07,3.4e-07,1443571.43,0.5052
2017-09-15 15:18:00,3.5e-07,3.5e-07,3.5e-07,3.5e-07,31065.63,0.01087
2017-09-15 15:19:00,3.5e-07,3.5e-07,3.5e-07,3.5e-07,29152.14,0.0102
2017-09-15 15:20:00,3.5e-07,3.5e-07,3.4e-07,3.5e-07,278304.59,0.0948
2017-09-15 15:21:00,3.4e-07,3.5e-07,3.4e-07,3.5e-07,2941.18,0.001
2017-09-15 15:22:00,3.4e-07,3.4e-07,3.4e-07,3.4e-07,557511.43,0.1896
2017-09-15 15:23:00,3.5e-07,3.5e-07,3.4e-07,3.4e-07,602.77,0.000211
2017-09-15 15:24:00,3.4e-07,3.5e-07,3.4e-07,3.5e-07,36329.57,0.01235
2017-09-15 15:25:00,3.4e-07,3.4e-07,3.4e-07,3.4e-07,24117.12,0.0082
2017-09-15 15:26:00,3.4e-07,3.4e-07,3.4e-07,3.4e-07,0.0,0.0
2017-09-15 15:27:00,3.4e-07,3.4e-07,3.4e-07,3.4e-07,700.0,0.000238
2017-09-15 15:28:00,3.4e-07,3.4e-07,3.4e-07,3.4e-07,8498.68,0.00289
2017-09-15 15:29:00,3.5e-07,3.5e-07,3.4e-07,3.4e-07,20000.0,0.007
2017-09-15 15:30:00,3.4e-07,3.5e-07,3.4e-07,3.5e-07,99850.0,0.03395
2017-09-15 15:31:00,3.5e-07,3.6e-07,3.4e-07,3.4e-07,15676794.29,5.49
2017-09-15 15:32:00,3.5e-07,3.6e-07,3.5e-07,3.5e-07,2158453.79,0.7615
2017-09-15 15:33:00,3.5e-07,3.5e-07,3.5e-07,3.5e-07,8672239.14,3.04
2017-09-15 15:34:00,3.4e-07,3.6e-07,3.4e-07,3.5e-07,3036574.96,1.06
2017-09-15 15:35:00,3.4e-07,3.5e-07,3.4e-07,3.4e-07,202361.71,0.07049
2017-09-15 15:36:00,3.4e-07,3.4e-07,3.4e-07,3.4e-07,585889.63,0.1992
2017-09-15 15:37:00,3.5e-07,3.5e-07,3.5e-07,3.5e-07,142857.14,0.05
2017-09-15 15:38:00,3.5e-07,3.5e-07,3.4e-07,3.5e-07,153114.43,0.05292
2017-09-15 15:39:00,3.4e-07,3.5e-07,3.4e-07,3.5e-07,81821.02,0.02847
2017-09-15 15:40:00,3.5e-07,3.5e-07,3.4e-07,3.4e-07,172368.91,0.06003
2017-09-15 15:41:00,3.5e-07,3.5e-07,3.5e-07,3.5e-07,0.0,0.0
2017-09-15 15:42:00,3.5e-07,3.5e-07,3.5e-07,3.5e-07,0.0,0.0
2017-09-15 15:43:00,3.5e-07,3.5e-07,3.5e-07,3.5e-07,9369.74,0.003279
2017-09-15 15:44:00,3.4e-07,3.5e-07,3.4e-07,3.5e-07,147300.09,0.05008
2017-09-15 15:45:00,3.4e-07,3.5e-07,3.4e-07,3.4e-07,129280.75,0.04425
2017-09-15 15:46:00,3.4e-07,3.4e-07,3.4e-07,3.4e-07,57057.14,0.0194
2017-09-15 15:47:00,3.4e-07,3.5e-07,3.4e-07,3.4e-07,31210.72,0.0107
2017-09-15 15:48:00,3.4e-07,3.4e-07,3.4e-07,3.4e-07,10282.42,0.003496
2017-09-15 15:49:00,3.5e-07,3.5e-07,3.4e-07,3.4e-07,215234.2,0.07533
2017-09-15 15:50:00,3.5e-07,3.5e-07,3.5e-07,3.5e-07,285714.29,0.1
2017-09-15 15:51:00,3.5e-07,3.5e-07,3.5e-07,3.5e-07,0.0,0.0
2017-09-15 15:52:00,3.5e-07,3.5e-07,3.5e-07,3.5e-07,22216.86,0.007776
2017-09-15 15:53:00,3.5e-07,3.5e-07,3.5e-07,3.5e-07,1490368.41,0.5216
2017-09-15 15:54:00,3.5e-07,3.5e-07,3.5e-07,3.5e-07,0.0,0.0
2017-09-15 15:55:00,3.4e-07,3.5e-07,3.4e-07,3.5e-07,216244.46,0.07564
2017-09-15 15:56:00,3.5e-07,3.5e-07,3.4e-07,3.4e-07,582524.69,0.2029
2017-09-15 15:57:00,3.5e-07,3.5e-07,3.5e-07,3.5e-07,0.0,0.0
2017-09-15 15:58:00,3.5e-07,3.5e-07,3.5e-07,3.5e-07,0.0,0.0
2017-09-15 15:59:00,3.5e-07,3.5e-07,3.5e-07,3.5e-07,129591.0,0.04536
2017-09-15 16:00:00,3.4e-07,3.5e-07,3.4e-07,3.5e-07,72162.51,0.02454
2017-09-15 16:01:00,3.5e-07,3.5e-07,3.4e-07,3.4e-07,3232279.69,1.1
2017-09-15 16:02:00,3.5e-07,3.5e-07,3.5e-07,3.5e-07,236332.91,0.08272
2017-09-15 16:03:00,3.5e-07,3.5e-07,3.5e-07,3.5e-07,800000.0,0.28
2017-09-15 16:04:00,3.4e-07,3.5e-07,3.4e-07,3.5e-07,1015.25,0.0003452
2017-09-15 16:05:00,3.4e-07,3.4e-07,3.4e-07,3.4e-07,0.0,0.0
2017-09-15 16:06:00,3.5e-07,3.5e-07,3.4e-07,3.4e-07,400000.0,0.14
2017-09-15 16:07:00,3.5e-07,3.5e-07,3.5e-07,3.5e-07,0.0,0.0
2017-09-15 16:08:00,3.5e-07,3.5e-07,3.4e-07,3.5e-07,751901.69,0.262
2017-09-15 16:09:00,3.5e-07,3.5e-07,3.5e-07,3.5e-07,36106.78,0.01264
2017-09-15 16:10:00,3.5e-07,3.5e-07,3.5e-07,3.5e-07,28658.5,0.01003
2017-09-15 16:11:00,3.5e-07,3.6e-07,3.5e-07,3.5e-07,64725.61,0.02266
2017-09-15 16:12:00,3.5e-07,3.5e-07,3.5e-07,3.5e-07,180115.27,0.06304
2017-09-15 16:13:00,3.5e-07,3.5e-07,3.5e-07,3.5e-07,0.0,0.0
2017-09-15 16:14:00,3.5e-07,3.5e-07,3.5e-07,3.5e-07,4637.45,0.001623
2017-09-15 16:15:00,3.5e-07,3.5e-07,3.5e-07,3.5e-07,369891.57,0.1295
2017-09-15 16:16:00,3.4e-07,3.5e-07,3.4e-07,3.5e-07,77257.22,0.02627
2017-09-15 16:17:00,3.4e-07,3.5e-07,3.4e-07,3.4e-07,23053.83,0.008061
2017-09-15 16:18:00,3.5e-07,3.5e-07,3.4e-07,3.4e-07,200000.0,0.07
2017-09-15 16:19:00,3.5e-07,3.5e-07,3.5e-07,3.5e-07,0.0,0.0
2017-09-15 16:20:00,3.5e-07,3.5e-07,3.5e-07,3.5e-07,0.0,0.0
2017-09-15 16:21:00,3.5e-07,3.5e-07,3.5e-07,3.5e-07,14661.8,0.005132
2017-09-15 16:22:00,3.5e-07,3.5e-07,3.5e-07,3.5e-07,63368.51,0.02218
2017-09-15 16:23:00,3.4e-07,3.5e-07,3.4e-07,3.5e-07,27700.0,0.009418
2017-09-15 16:24:00,3.3e-07,3.4e-07,3.3e-07,3.4e-07,7899738.65,2.69
2017-09-15 16:25:00,3.5e-07,3.5e-07,3.3e-07,3.3e-07,199762.57,0.06828
2017-09-15 16:26:00,3.5e-07,3.5e-07,3.5e-07,3.5e-07,0.0,0.0
2017-09-15 16:27:00,3.5e-07,3.5e-07,3.5e-07,3.5e-07,0.0,0.0
2017-09-15 16:28:00,3.5e-07,3.5e-07,3.5e-07,3.5e-07,10000.0,0.0035
2017-09-15 16:29:00,3.5e-07,3.5e-07,3.5e-07,3.5e-07,0.0,0.0
2017-09-15 16:30:00,3.5e-07,3.5e-07,3.5e-07,3.5e-07,0.0,0.0
2017-09-15 16:31:00,3.4e-07,3.5e-07,3.4e-07,3.5e-07,7371.16,0.002575
2017-09-15 16:32:00,3.4e-07,3.4e-07,3.4e-07,3.4e-07,1997.0,0.000679
2017-09-15 16:33:00,3.4e-07,3.4e-07,3.4e-07,3.4e-07,0.0,0.0
2017-09-15 16:34:00,3.4e-07,3.4e-07,3.4e-07,3.4e-07,0.0,0.0
2017-09-15 16:35:00,3.4e-07,3.4e-07,3.4e-07,3.4e-07,0.0,0.0
2017-09-15 16:36:00,3.4e-07,3.4e-07,3.4e-07,3.4e-07,1061.99,0.0003611
2017-09-15 16:37:00,3.4e-07,3.4e-07,3.4e-07,3.4e-07,0.0,0.0
2017-09-15 16:38:00,3.4e-07,3.4e-07,3.4e-07,3.4e-07,0.0,0.0
2017-09-15 16:39:00,3.4e-07,3.4e-07,3.4e-07,3.4e-07,0.0,0.0
2017-09-15 16:40:00,3.4e-07,3.4e-07,3.4e-07,3.4e-07,667.36,0.0002269
2017-09-15 16:41:00,3.5e-07,3.5e-07,3.4e-07,3.4e-07,244670.82,0.08519
2017-09-15 16:42:00,3.4e-07,3.5e-07,3.4e-07,3.5e-07,332.24,0.000113
2017-09-15 16:43:00,3.5e-07,3.5e-07,3.4e-07,3.4e-07,7100.51,0.002481
2017-09-15 16:44:00,3.4e-07,3.5e-07,3.4e-07,3.5e-07,610.76,0.0002077
2017-09-15 16:45:00,3.4e-07,3.4e-07,3.4e-07,3.4e-07,851151.04,0.2894
2017-09-15 16:46:00,3.4e-07,3.4e-07,3.4e-07,3.4e-07,60394.52,0.02053
2017-09-15 16:47:00,3.4e-07,3.4e-07,3.4e-07,3.4e-07,0.0,0.0
2017-09-15 16:48:00,3.4e-07,3.4e-07,3.4e-07,3.4e-07,0.0,0.0
2017-09-15 16:49:00,3.4e-07,3.4e-07,3.4e-07,3.4e-07,562788.97,0.1913
2017-09-15 16:50:00,3.4e-07,3.4e-07,3.4e-07,3.4e-07,72864.24,0.02477
2017-09-15 16:51:00,3.4e-07,3.4e-07,3.4e-07,3.4e-07,5137.35,0.001747
2017-09-15 16:52:00,3.4e-07,3.4e-07,3.4e-07,3.4e-07,183539.73,0.0624
2017-09-15 16:53:00,3.5e-07,3.5e-07,3.4e-07,3.4e-07,7016.05,0.002446
2017-09-15 16:54:00,3.4e-07,3.5e-07,3.4e-07,3.5e-07,343.12,0.0001167
2017-09-15 16:55:00,3.4e-07,3.4e-07,3.4e-07,3.4e-07,0.0,0.0
2017-09-15 16:56:00,3.4e-07,3.4e-07,3.4e-07,3.4e-07,0.0,0.0
2017-09-15 16:57:00,3.4e-07,3.4e-07,3.3e-07,3.4e-07,216426.34,0.07161
2017-09-15 16:58:00,3.4e-07,3.4e-07,3.4e-07,3.4e-07,15979.39,0.005433
2017-09-15 16:59:00,3.4e-07,3.4e-07,3.4e-07,3.4e-07,35978.3,0.01223
2017-09-15 17:00:00,3.3e-07,3.4e-07,3.3e-07,3.4e-07,390951.7,0.1329
2017-09-15 17:01:00,3.4e-07,3.4e-07,3.3e-07,3.3e-07,6115.21,0.002079
2017-09-15 17:02:00,3.4e-07,3.4e-07,3.3e-07,3.4e-07,78236.95,0.02582
2017-09-15 17:03:00,3.4e-07,3.4e-07,3.4e-07,3.4e-07,501.25,0.0001704
2017-09-15 17:04:00,3.5e-07,3.5e-07,3.3e-07,3.4e-07,35134.85,0.01177
2017-09-15 17:05:00,3.5e-07,3.5e-07,3.5e-07,3.5e-07,300900.0,0.1053
2017-09-15 17:06:00,3.5e-07,3.5e-07,3.5e-07,3.5e-07,0.0,0.0
2017-09-15 17:07:00,3.4e-07,3.5e-07,3.4e-07,3.5e-07,36871.27,0.01254
2017-09-15 17:08:00,3.4e-07,3.4e-07,3.4e-07,3.4e-07,0.0,0.0
2017-09-15 17:09:00,3.4e-07,3.4e-07,3.4e-07,3.4e-07,0.0,0.0
2017-09-15 17:10:00,3.4e-07,3.4e-07,3.4e-07,3.4e-07,316574.18,0.1076
2017-09-15 17:11:00,3.4e-07,3.4e-07,3.4e-07,3.4e-07,57389.29,0.01951
2017-09-15 17:12:00,3.4e-07,3.4e-07,3.4e-07,3.4e-07,0.0,0.0
2017-09-15 17:13:00,3.3e-07,3.4e-07,3.3e-07,3.4e-07,8274.26,0.00273
2017-09-15 17:14:00,3.4e-07,3.4e-07,3.3e-07,3.3e-07,70816.95,0.02408
2017-09-15 17:15:00,3.4e-07,3.4e-07,3.4e-07,3.4e-07,0.0,0.0
2017-09-15 17:16:00,3.4e-07,3.4e-07,3.4e-07,3.4e-07,0.0,0.0
2017-09-15 17:17:00,3.4e-07,3.4e-07,3.4e-07,3.4e-07,172212.63,0.05855
2017-09-15 17:18:00,3.4e-07,3.4e-07,3.4e-07,3.4e-07,53900.0,0.01833
2017-09-15 17:19:00,3.4e-07,3.4e-07,3.4e-07,3.4e-07,3000.0,0.00102
2017-09-15 17:20:00,3.4e-07,3.4e-07,3.4e-07,3.4e-07,117900.79,0.04009
2017-09-15 17:21:00,3.3e-07,3.4e-07,3.3e-07,3.4e-07,323.15,0.0001066
2017-09-15 17:22:00,3.3e-07,3.4e-07,3.3e-07,3.3e-07,38609.32,0.01311
2017-09-15 17:23:00,3.3e-07,3.3e-07,3.3e-07,3.3e-07,0.0,0.0
2017-09-15 17:24:00,3.3e-07,3.3e-07,3.3e-07,3.3e-07,0.0,0.0
2017-09-15 17:25:00,3.4e-07,3.4e-07,3.3e-07,3.3e-07,240995.83,0.08194
2017-09-15 17:26:00,3.4e-07,3.4e-07,3.4e-07,3.4e-07,90736.8,0.03085
2017-09-15 17:27:00,3.4e-07,3.4e-07,3.4e-07,3.4e-07,109443.83,0.03721
2017-09-15 17:28:00,3.4e-07,3.4e-07,3.4e-07,3.4e-07,32352.94,0.011
2017-09-15 17:29:00,3.4e-07,3.4e-07,3.4e-07,3.4e-07,10000.0,0.0034
2017-09-15 17:30:00,3.4e-07,3.4e-07,3.4e-07,3.4e-07,14705.88,0.005
2017-09-15 17:31:00,3.4e-07,3.4e-07,3.4e-07,3.4e-07,0.0,0.0
2017-09-15 17:32:00,3.4e-07,3.4e-07,3.4e-07,3.4e-07,0.0,0.0
2017-09-15 17:33:00,3.4e-07,3.4e-07,3.4e-07,3.4e-07,0.0,0.0
2017-09-15 17:34:00,3.4e-07,3.4e-07,3.4e-07,3.4e-07,0.0,0.0
2017-09-15 17:35:00,3.4e-07,3.4e-07,3.4e-07,3.4e-07,0.0,0.0
2017-09-15 17:36:00,3.4e-07,3.4e-07,3.4e-07,3.4e-07,0.0,0.0
2017-09-15 17:37:00,3.3e-07,3.4e-07,3.3e-07,3.4e-07,1028.0,0.0003392
2017-09-15 17:38:00,3.3e-07,3.3e-07,3.3e-07,3.3e-07,1275536.36,0.4209
2017-09-15 17:39:00,3.3e-07,3.3e-07,3.3e-07,3.3e-07,500000.0,0.165
2017-09-15 17:40:00,3.4e-07,3.4e-07,3.3e-07,3.3e-07,21357.06,0.007123
2017-09-15 17:41:00,3.4e-07,3.4e-07,3.4e-07,3.4e-07,2350467.02,0.7992
2017-09-15 17:42:00,3.4e-07,3.4e-07,3.4e-07,3.4e-07,79223.45,0.02694
2017-09-15 17:43:00,3.4e-07,3.4e-07,3.4e-07,3.4e-07,0.0,0.0
2017-09-15 17:44:00,3.5e-07,3.5e-07,3.4e-07,3.4e-07,60714.29,0.02125
2017-09-15 17:45:00,3.4e-07,3.5e-07,3.4e-07,3.5e-07,204.99,6.969e-05
2017-09-15 17:46:00,3.5e-07,3.5e-07,3.4e-07,3.4e-07,118984.53,0.04164
2017-09-15 17:47:00,3.4e-07,3.5e-07,3.4e-07,3.5e-07,4741.3,0.001612
2017-09-15 17:48:00,3.4e-07,3.4e-07,3.4e-07,3.4e-07,338201.06,0.115
2017-09-15 17:49:00,3.4e-07,3.4e-07,3.4e-07,3.4e-07,0.0,0.0
2017-09-15 17:50:00,3.4e-07,3.4e-07,3.4e-07,3.4e-07,0.0,0.0
2017-09-15 17:51:00,3.4e-07,3.4e-07,3.4e-07,3.4e-07,5747.26,0.001954
2017-09-15 17:52:00,3.4e-07,3.4e-07,3.4e-07,3.4e-07,0.0,0.0
2017-09-15 17:53:00,3.2e-07,3.4e-07,3.2e-07,3.4e-07,15129941.36,4.99
2017-09-15 17:54:00,3.2e-07,3.2e-07,3.2e-07,3.2e-07,0.0,0.0
2017-09-15 17:55:00,3.2e-07,3.2e-07,3.2e-07,3.2e-07,0.0,0.0
2017-09-15 17:56:00,3.2e-07,3.2e-07,3.2e-07,3.2e-07,18695.61,0.005983
2017-09-15 17:57:00,3.2e-07,3.2e-07,3.2e-07,3.2e-07,0.0,0.0
2017-09-15 17:58:00,3.3e-07,3.3e-07,3.2e-07,3.2e-07,7513.24,0.002479
2017-09-15 17:59:00,3.3e-07,3.3e-07,3.3e-07,3.3e-07,4696.25,0.00155
2017-09-15 18:00:00,3.3e-07,3.3e-07,3.3e-07,3.3e-07,1258999.2,0.4155
2017-09-15 18:01:00,3.3e-07,3.3e-07,3.3e-07,3.3e-07,1121.21,0.00037
2017-09-15 18:02:00,3.3e-07,3.3e-07,3.2e-07,3.3e-07,46303.18,0.01503
2017-09-15 18:03:00,3.3e-07,3.3e-07,3.3e-07,3.3e-07,977753.3,0.3227
2017-09-15 18:04:00,3.3e-07,3.3e-07,3.3e-07,3.3e-07,1045054.51,0.3449
2017-09-15 18:05:00,3.3e-07,3.3e-07,3.2e-07,3.3e-07,73634.44,0.02399
2017-09-15 18:06:00,3.2e-07,3.3e-07,3.2e-07,3.3e-07,4227.74,0.001353
2017-09-15 18:07:00,3.2e-07,3.2e-07,3.2e-07,3.2e-07,0.0,0.0
2017-09-15 18:08:00,3.3e-07,3.3e-07,3.2e-07,3.2e-07,7243.42,0.00239
2017-09-15 18:09:00,3.3e-07,3.3e-07,3.3e-07,3.3e-07,29370.18,0.009692
2017-09-15 18:10:00,3.3e-07,3.3e-07,3.3e-07,3.3e-07,20143.86,0.006647
2017-09-15 18:11:00,3.2e-07,3.3e-07,3.2e-07,3.3e-07,6859416.02,2.2
2017-09-15 18:12:00,3.2e-07,3.2e-07,3.2e-07,3.2e-07,0.0,0.0
2017-09-15 18:13:00,3.3e-07,3.4e-07,3.2e-07,3.2e-07,1350917.88,0.4533
2017-09-15 18:14:00,3.3e-07,3.4e-07,3.3e-07,3.3e-07,557680.71,0.189
2017-09-15 18:15:00,3.4e-07,3.4e-07,3.3e-07,3.3e-07,6000.0,0.00204
2017-09-15 18:16:00,3.3e-07,3.4e-07,3.3e-07,3.4e-07,355827.37,0.1174
2017-09-15 18:17:00,3.4e-07,3.4e-07,3.3e-07,3.3e-07,323.53,0.00011
2017-09-15 18:18:00,3.4e-07,3.4e-07,3.4e-07,3.4e-07,0.0,0.0
2017-09-15 18:19:00,3.4e-07,3.4e-07,3.4e-07,3.4e-07,8000.0,0.00272
2017-09-15 18:20:00,3.4e-07,3.4e-07,3.4e-07,3.4e-07,0.0,0.0
2017-09-15 18:21:00,3.4e-07,3.4e-07,3.4e-07,3.4e-07,0.0,0.0
2017-09-15 18:22:00,3.4e-07,3.4e-07,3.4e-07,3.4e-07,0.0,0.0
2017-09-15 18:23:00,3.4e-07,3.4e-07,3.4e-07,3.4e-07,38235.32,0.013
2017-09-15 18:24:00,3.3e-07,3.4e-07,3.3e-07,3.4e-07,196465.35,0.06483
2017-09-15 18:25:00,3.4e-07,3.4e-07,3.3e-07,3.3e-07,12156.38,0.004133
2017-09-15 18:26:00,3.3e-07,3.4e-07,3.3e-07,3.4e-07,281719.19,0.09297
2017-09-15 18:27:00,3.3e-07,3.3e-07,3.3e-07,3.3e-07,0.0,0.0
2017-09-15 18:28:00,3.3e-07,3.3e-07,3.3e-07,3.3e-07,0.0,0.0
2017-09-15 18:29:00,3.4e-07,3.4e-07,3.3e-07,3.3e-07,185294.12,0.063
2017-09-15 18:30:00,3.4e-07,3.4e-07,3.4e-07,3.4e-07,138823.53,0.0472
2017-09-15 18:31:00,3.4e-07,3.4e-07,3.4e-07,3.4e-07,1470588.24,0.5
2017-09-15 18:32:00,3.4e-07,3.4e-07,3.4e-07,3.4e-07,0.0,0.0
2017-09-15 18:33:00,3.4e-07,3.4e-07,3.3e-07,3.4e-07,984861.91,0.3338
2017-09-15 18:34:00,3.4e-07,3.4e-07,3.4e-07,3.4e-07,0.0,0.0
2017-09-15 18:35:00,3.3e-07,3.4e-07,3.3e-07,3.4e-07,30755.09,0.01015
2017-09-15 18:36:00,3.3e-07,3.3e-07,3.3e-07,3.3e-07,0.0,0.0
2017-09-15 18:37:00,3.3e-07,3.3e-07,3.3e-07,3.3e-07,0.0,0.0
2017-09-15 18:38:00,3.3e-07,3.3e-07,3.3e-07,3.3e-07,0.0,0.0
2017-09-15 18:39:00,3.3e-07,3.3e-07,3.3e-07,3.3e-07,0.0,0.0
2017-09-15 18:40:00,3.3e-07,3.3e-07,3.3e-07,3.3e-07,0.0,0.0
2017-09-15 18:41:00,3.4e-07,3.4e-07,3.3e-07,3.3e-07,90000.0,0.0306
2017-09-15 18:42:00,3.4e-07,3.4e-07,3.3e-07,3.3e-07,208513.43,0.07089
2017-09-15 18:43:00,3.4e-07,3.4e-07,3.4e-07,3.4e-07,766734.5,0.2607
2017-09-15 18:44:00,3.3e-07,3.4e-07,3.3e-07,3.4e-07,765340.97,0.2526
2017-09-15 18:45:00,3.4e-07,3.4e-07,3.3e-07,3.3e-07,740467.21,0.2518
2017-09-15 18:46:00,3.4e-07,3.4e-07,3.4e-07,3.4e-07,0.0,0.0
2017-09-15 18:47:00,3.4e-07,3.4e-07,3.4e-07,3.4e-07,21760.18,0.007398
2017-09-15 18:48:00,3.4e-07,3.4e-07,3.4e-07,3.4e-07,0.0,0.0
2017-09-15 18:49:00,3.3e-07,3.4e-07,3.3e-07,3.4e-07,196774.35,0.06577
2017-09-15 18:50:00,3.3e-07,3.3e-07,3.3e-07,3.3e-07,399365.89,0.1318
2017-09-15 18:51:00,3.4e-07,3.4e-07,3.3e-07,3.3e-07,2941.18,0.001
2017-09-15 18:52:00,3.4e-07,3.4e-07,3.4e-07,3.4e-07,0.0,0.0
2017-09-15 18:53:00,3.4e-07,3.4e-07,3.4e-07,3.4e-07,0.0,0.0
2017-09-15 18:54:00,3.4e-07,3.4e-07,3.4e-07,3.4e-07,0.0,0.0
2017-09-15 18:55:00,3.3e-07,3.4e-07,3.3e-07,3.4e-07,1997926.44,0.6593
2017-09-15 18:56:00,3.4e-07,3.4e-07,3.3e-07,3.3e-07,329.03,0.0001119
2017-09-15 18:57:00,3.4e-07,3.4e-07,3.4e-07,3.4e-07,0.0,0.0
2017-09-15 18:58:00,3.3e-07,3.4e-07,3.3e-07,3.4e-07,342.24,0.0001129
2017-09-15 18:59:00,3.4e-07,3.4e-07,3.3e-07,3.3e-07,323.53,0.00011
2017-09-15 19:00:00,3.4e-07,3.4e-07,3.4e-07,3.4e-07,0.0,0.0
2017-09-15 19:01:00,3.4e-07,3.4e-07,3.4e-07,3.4e-07,0.0,0.0
2017-09-15 19:02:00,3.3e-07,3.4e-07,3.3e-07,3.4e-07,5462.5,0.001803
2017-09-15 19:03:00,3.4e-07,3.4e-07,3.3e-07,3.3e-07,2105.79,0.000706
2017-09-15 19:04:00,3.4e-07,3.4e-07,3.4e-07,3.4e-07,0.0,0.0
2017-09-15 19:05:00,3.4e-07,3.4e-07,3.4e-07,3.4e-07,0.0,0.0
2017-09-15 19:06:00,3.4e-07,3.4e-07,3.4e-07,3.4e-07,0.0,0.0
2017-09-15 19:07:00,3.3e-07,3.4e-07,3.3e-07,3.4e-07,3000000.0,0.99
2017-09-15 19:08:00,3.3e-07,3.3e-07,3.3e-07,3.3e-07,0.0,0.0
2017-09-15 19:09:00,3.3e-07,3.3e-07,3.3e-07,3.3e-07,0.0,0.0
2017-09-15 19:10:00,3.4e-07,3.4e-07,3.3e-07,3.3e-07,11975.21,0.003972
2017-09-15 19:11:00,3.4e-07,3.4e-07,3.4e-07,3.4e-07,0.0,0.0
2017-09-15 19:12:00,3.4e-07,3.4e-07,3.4e-07,3.4e-07,0.0,0.0
2017-09-15 19:13:00,3.4e-07,3.4e-07,3.4e-07,3.4e-07,10150.0,0.003451
2017-09-15 19:14:00,3.4e-07,3.4e-07,3.3e-07,3.4e-07,26907.71,0.008899
2017-09-15 19:15:00,3.4e-07,3.4e-07,3.4e-07,3.4e-07,0.0,0.0
2017-09-15 19:16:00,3.3e-07,3.4e-07,3.3e-07,3.4e-07,10380.35,0.003526
2017-09-15 19:17:00,3.4e-07,3.4e-07,3.3e-07,3.3e-07,893.71,0.0003038
2017-09-15 19:18:00,3.4e-07,3.4e-07,3.4e-07,3.4e-07,0.0,0.0
2017-09-15 19:19:00,3.4e-07,3.4e-07,3.4e-07,3.4e-07,0.0,0.0
2017-09-15 19:20:00,3.4e-07,3.4e-07,3.4e-07,3.4e-07,0.0,0.0
2017-09-15 19:21:00,3.4e-07,3.4e-07,3.4e-07,3.4e-07,0.0,0.0
2017-09-15 19:22:00,3.4e-07,3.4e-07,3.4e-07,3.4e-07,0.0,0.0
2017-09-15 19:23:00,3.4e-07,3.4e-07,3.4e-07,3.4e-07,0.0,0.0
2017-09-15 19:24:00,3.3e-07,3.4e-07,3.3e-07,3.4e-07,11592797.76,3.94
2017-09-15 19:25:00,3.3e-07,3.3e-07,3.3e-07,3.3e-07,31748.63,0.01048
2017-09-15 19:26:00,3.3e-07,3.3e-07,3.3e-07,3.3e-07,0.0,0.0
2017-09-15 19:27:00,3.3e-07,3.3e-07,3.3e-07,3.3e-07,0.0,0.0
2017-09-15 19:28:00,3.3e-07,3.3e-07,3.3e-07,3.3e-07,0.0,0.0
2017-09-15 19:29:00,3.3e-07,3.3e-07,3.3e-07,3.3e-07,0.0,0.0
2017-09-15 19:30:00,3.3e-07,3.3e-07,3.3e-07,3.3e-07,0.0,0.0
2017-09-15 19:31:00,3.4e-07,3.4e-07,3.3e-07,3.3e-07,1000.0,0.00034
2017-09-15 19:32:00,3.4e-07,3.4e-07,3.4e-07,3.4e-07,0.0,0.0
2017-09-15 19:33:00,3.4e-07,3.4e-07,3.3e-07,3.4e-07,139491.72,0.04742
2017-09-15 19:34:00,3.3e-07,3.4e-07,3.3e-07,3.4e-07,566068.66,0.1868
2017-09-15 19:35:00,3.4e-07,3.4e-07,3.3e-07,3.3e-07,6795230.3,2.31
2017-09-15 19:36:00,3.4e-07,3.5e-07,3.4e-07,3.4e-07,241330.98,0.08445
2017-09-15 19:37:00,3.4e-07,3.5e-07,3.4e-07,3.4e-07,6574107.89,2.3
2017-09-15 19:38:00,3.4e-07,3.4e-07,3.4e-07,3.4e-07,24085.59,0.008189
2017-09-15 19:39:00,3.4e-07,3.4e-07,3.4e-07,3.4e-07,9200.0,0.003128
2017-09-15 19:40:00,3.4e-07,3.4e-07,3.4e-07,3.4e-07,31495.01,0.01071
2017-09-15 19:41:00,3.4e-07,3.4e-07,3.4e-07,3.4e-07,1331.87,0.0004528
2017-09-15 19:42:00,3.4e-07,3.4e-07,3.4e-07,3.4e-07,0.0,0.0
2017-09-15 19:43:00,3.4e-07,3.4e-07,3.4e-07,3.4e-07,0.0,0.0
2017-09-15 19:44:00,3.4e-07,3.5e-07,3.4e-07,3.4e-07,381077.14,0.1326
2017-09-15 19:45:00,3.4e-07,3.5e-07,3.4e-07,3.4e-07,247208.07,0.08615
2017-09-15 19:46:00,3.4e-07,3.4e-07,3.4e-07,3.4e-07,0.0,0.0
2017-09-15 19:47:00,3.4e-07,3.4e-07,3.4e-07,3.4e-07,0.0,0.0
2017-09-15 19:48:00,3.4e-07,3.4e-07,3.4e-07,3.4e-07,0.0,0.0
2017-09-15 19:49:00,3.4e-07,3.4e-07,3.4e-07,3.4e-07,9633903.31,3.28
2017-09-15 19:50:00,3.4e-07,3.4e-07,3.4e-07,3.4e-07,33268.61,0.01131
2017-09-15 19:51:00,3.4e-07,3.5e-07,3.4e-07,3.4e-07,498017.53,0.1699
2017-09-15 19:52:00,3.4e-07,3.4e-07,3.4e-07,3.4e-07,1802.44,0.0006128
2017-09-15 19:53:00,3.4e-07,3.4e-07,3.4e-07,3.4e-07,0.0,0.0
2017-09-15 19:54:00,3.4e-07,3.4e-07,3.4e-07,3.4e-07,0.0,0.0
2017-09-15 19:55:00,3.4e-07,3.4e-07,3.4e-07,3.4e-07,0.0,0.0
2017-09-15 19:56:00,3.4e-07,3.5e-07,3.4e-07,3.4e-07,852047.34,0.2957
2017-09-15 19:57:00,3.4e-07,3.4e-07,3.4e-07,3.4e-07,133000.0,0.04522
2017-09-15 19:58:00,3.4e-07,3.4e-07,3.4e-07,3.4e-07,0.0,0.0
2017-09-15 19:59:00,3.4e-07,3.4e-07,3.4e-07,3.4e-07,638.54,0.0002171
2017-09-15 20:00:00,3.5e-07,3.5e-07,3.4e-07,3.4e-07,50000.0,0.0175
2017-09-15 20:01:00,3.5e-07,3.5e-07,3.4e-07,3.5e-07,324540.13,0.1136
2017-09-15 20:02:00,3.5e-07,3.5e-07,3.5e-07,3.5e-07,0.0,0.0
2017-09-15 20:03:00,3.5e-07,3.5e-07,3.5e-07,3.5e-07,0.0,0.0
2017-09-15 20:04:00,3.4e-07,3.5e-07,3.4e-07,3.5e-07,800.0,0.000272
2017-09-15 20:05:00,3.4e-07,3.4e-07,3.4e-07,3.4e-07,1065.49,0.0003623
2017-09-15 20:06:00,3.4e-07,3.4e-07,3.4e-07,3.4e-07,0.0,0.0
2017-09-15 20:07:00,3.4e-07,3.4e-07,3.4e-07,3.4e-07,0.0,0.0
2017-09-15 20:08:00,3.4e-07,3.4e-07,3.4e-07,3.4e-07,1902.94,0.000647
2017-09-15 20:09:00,3.4e-07,3.4e-07,3.4e-07,3.4e-07,0.0,0.0
2017-09-15 20:10:00,3.4e-07,3.5e-07,3.4e-07,3.4e-07,335000.5,0.1139
2017-09-15 20:11:00,3.4e-07,3.4e-07,3.4e-07,3.4e-07,560.12,0.0001904
2017-09-15 20:12:00,3.4e-07,3.4e-07,3.4e-07,3.4e-07,0.0,0.0
2017-09-15 20:13:00,3.4e-07,3.4e-07,3.4e-07,3.4e-07,383.58,0.0001304
2017-09-15 20:14:00,3.5e-07,3.5e-07,3.4e-07,3.4e-07,371356.72,0.13
2017-09-15 20:15:00,3.5e-07,3.5e-07,3.5e-07,3.5e-07,612174.69,0.2143
2017-09-15 20:16:00,3.5e-07,3.5e-07,3.5e-07,3.5e-07,0.0,0.0
2017-09-15 20:17:00,3.5e-07,3.5e-07,3.5e-07,3.5e-07,0.0,0.0
2017-09-15 20:18:00,3.5e-07,3.5e-07,3.5e-07,3.5e-07,30070.4,0.01052
2017-09-15 20:19:00,3.4e-07,3.5e-07,3.4e-07,3.5e-07,10320.22,0.003509
2017-09-15 20:20:00,3.4e-07,3.4e-07,3.4e-07,3.4e-07,0.0,0.0
2017-09-15 20:21:00,3.4e-07,3.4e-07,3.4e-07,3.4e-07,0.0,0.0
2017-09-15 20:22:00,3.5e-07,3.5e-07,3.4e-07,3.4e-07,520920.57,0.1823
2017-09-15 20:23:00,3.5e-07,3.5e-07,3.5e-07,3.5e-07,0.0,0.0
2017-09-15 20:24:00,3.5e-07,3.5e-07,3.5e-07,3.5e-07,0.0,0.0
2017-09-15 20:25:00,3.5e-07,3.5e-07,3.5e-07,3.5e-07,0.0,0.0
2017-09-15 20:26:00,3.4e-07,3.5e-07,3.4e-07,3.5e-07,10310.7,0.003606
2017-09-15 20:27:00,3.5e-07,3.5e-07,3.4e-07,3.4e-07,2162779.42,0.757
2017-09-15 20:28:00,3.5e-07,3.5e-07,3.5e-07,3.5e-07,342921.14,0.12
2017-09-15 20:29:00,3.4e-07,3.5e-07,3.4e-07,3.5e-07,22942.5,0.0078
2017-09-15 20:30:00,3.4e-07,3.4e-07,3.4e-07,3.4e-07,0.0,0.0
2017-09-15 20:31:00,3.5e-07,3.5e-07,3.4e-07,3.4e-07,1819.71,0.0006369
2017-09-15 20:32:00,3.5e-07,3.5e-07,3.5e-07,3.5e-07,29190.92,0.01022
2017-09-15 20:33:00,3.5e-07,3.5e-07,3.5e-07,3.5e-07,0.0,0.0
2017-09-15 20:34:00,3.5e-07,3.5e-07,3.5e-07,3.5e-07,0.0,0.0
2017-09-15 20:35:00,3.5e-07,3.5e-07,3.5e-07,3.5e-07,1000.0,0.00035
2017-09-15 20:36:00,3.4e-07,3.5e-07,3.4e-07,3.5e-07,372983.75,0.1271
2017-09-15 20:37:00,3.4e-07,3.4e-07,3.4e-07,3.4e-07,0.0,0.0
2017-09-15 20:38:00,3.4e-07,3.4e-07,3.4e-07,3.4e-07,0.0,0.0
2017-09-15 20:39:00,3.4e-07,3.4e-07,3.4e-07,3.4e-07,614665.83,0.209
2017-09-15 20:40:00,3.5e-07,3.5e-07,3.4e-07,3.4e-07,154285.71,0.054
2017-09-15 20:41:00,3.4e-07,3.5e-07,3.4e-07,3.5e-07,311495.38,0.1075
2017-09-15 20:42:00,3.4e-07,3.4e-07,3.4e-07,3.4e-07,2746.38,0.0009338
2017-09-15 20:43:00,3.4e-07,3.4e-07,3.4e-07,3.4e-07,0.0,0.0
2017-09-15 20:44:00,3.4e-07,3.4e-07,3.4e-07,3.4e-07,0.0,0.0
2017-09-15 20:45:00,3.4e-07,3.4e-07,3.4e-07,3.4e-07,0.0,0.0
2017-09-15 20:46:00,3.4e-07,3.4e-07,3.4e-07,3.4e-07,0.0,0.0
2017-09-15 20:47:00,3.4e-07,3.4e-07,3.4e-07,3.4e-07,0.0,0.0
2017-09-15 20:48:00,3.5e-07,3.5e-07,3.4e-07,3.4e-07,286.0,0.0001001
2017-09-15 20:49:00,3.5e-07,3.5e-07,3.4e-07,3.5e-07,410843.78,0.1437
2017-09-15 20:50:00,3.5e-07,3.5e-07,3.5e-07,3.5e-07,0.0,0.0
2017-09-15 20:51:00,3.5e-07,3.5e-07,3.5e-07,3.5e-07,0.0,0.0
2017-09-15 20:52:00,3.5e-07,3.5e-07,3.5e-07,3.5e-07,0.0,0.0
2017-09-15 20:53:00,3.5e-07,3.5e-07,3.5e-07,3.5e-07,32609.09,0.01141
2017-09-15 20:54:00,3.5e-07,3.5e-07,3.5e-07,3.5e-07,0.0,0.0
2017-09-15 20:55:00,3.5e-07,3.5e-07,3.5e-07,3.5e-07,10000.0,0.0035
2017-09-15 20:56:00,3.5e-07,3.5e-07,3.5e-07,3.5e-07,100000.0,0.035
2017-09-15 20:57:00,3.5e-07,3.5e-07,3.5e-07,3.5e-07,8870.23,0.003105
2017-09-15 20:58:00,3.4e-07,3.5e-07,3.4e-07,3.5e-07,3764.17,0.00128
2017-09-15 20:59:00,3.4e-07,3.4e-07,3.4e-07,3.4e-07,0.0,0.0
2017-09-15 21:00:00,3.5e-07,3.5e-07,3.4e-07,3.4e-07,68363.74,0.02385
2017-09-15 21:01:00,3.5e-07,3.5e-07,3.5e-07,3.5e-07,20000.0,0.007
2017-09-15 21:02:00,3.5e-07,3.5e-07,3.5e-07,3.5e-07,0.0,0.0
2017-09-15 21:03:00,3.5e-07,3.5e-07,3.4e-07,3.5e-07,183990.48,0.06439
2017-09-15 21:04:00,3.4e-07,3.5e-07,3.4e-07,3.5e-07,30500.06,0.01037
2017-09-15 21:05:00,3.5e-07,3.5e-07,3.4e-07,3.4e-07,130003.0,0.04421
2017-09-15 21:06:00,3.5e-07,3.5e-07,3.5e-07,3.5e-07,0.0,0.0
2017-09-15 21:07:00,3.5e-07,3.5e-07,3.5e-07,3.5e-07,300.0,0.000105
2017-09-15 21:08:00,3.5e-07,3.5e-07,3.5e-07,3.5e-07,0.0,0.0
2017-09-15 21:09:00,3.4e-07,3.5e-07,3.4e-07,3.5e-07,463.0,0.0001574
2017-09-15 21:10:00,3.4e-07,3.4e-07,3.4e-07,3.4e-07,0.0,0.0
2017-09-15 21:11:00,3.4e-07,3.4e-07,3.4e-07,3.4e-07,0.0,0.0
2017-09-15 21:12:00,3.4e-07,3.4e-07,3.4e-07,3.4e-07,0.0,0.0
2017-09-15 21:13:00,3.5e-07,3.5e-07,3.4e-07,3.4e-07,56000.0,0.0196
2017-09-15 21:14:00,3.4e-07,3.5e-07,3.4e-07,3.5e-07,18701.79,0.006496
2017-09-15 21:15:00,3.4e-07,3.4e-07,3.4e-07,3.4e-07,0.0,0.0
2017-09-15 21:16:00,3.4e-07,3.4e-07,3.4e-07,3.4e-07,0.0,0.0
2017-09-15 21:17:00,3.4e-07,3.4e-07,3.4e-07,3.4e-07,0.0,0.0
2017-09-15 21:18:00,3.4e-07,3.5e-07,3.4e-07,3.4e-07,223721.89,0.0766
2017-09-15 21:19:00,3.4e-07,3.4e-07,3.4e-07,3.4e-07,18186.39,0.006183
2017-09-15 21:20:00,3.4e-07,3.4e-07,3.4e-07,3.4e-07,138045.21,0.04694
2017-09-15 21:21:00,3.4e-07,3.4e-07,3.4e-07,3.4e-07,0.0,0.0
2017-09-15 21:22:00,3.4e-07,3.4e-07,3.4e-07,3.4e-07,0.0,0.0
2017-09-15 21:23:00,3.5e-07,3.5e-07,3.4e-07,3.4e-07,20370.4,0.00693
2017-09-15 21:24:00,3.5e-07,3.5e-07,3.5e-07,3.5e-07,0.0,0.0
2017-09-15 21:25:00,3.5e-07,3.5e-07,3.5e-07,3.5e-07,0.0,0.0
2017-09-15 21:26:00,3.5e-07,3.5e-07,3.5e-07,3.5e-07,0.0,0.0
2017-09-15 21:27:00,3.5e-07,3.5e-07,3.5e-07,3.5e-07,0.0,0.0
2017-09-15 21:28:00,3.5e-07,3.5e-07,3.5e-07,3.5e-07,0.0,0.0
2017-09-15 21:29:00,3.5e-07,3.5e-07,3.5e-07,3.5e-07,342.86,0.00012
2017-09-15 21:30:00,3.5e-07,3.5e-07,3.5e-07,3.5e-07,0.0,0.0
2017-09-15 21:31:00,3.5e-07,3.5e-07,3.5e-07,3.5e-07,0.0,0.0
2017-09-15 21:32:00,3.5e-07,3.5e-07,3.5e-07,3.5e-07,10030.0,0.003511
2017-09-15 21:33:00,3.5e-07,3.5e-07,3.5e-07,3.5e-07,0.0,0.0
2017-09-15 21:34:00,3.4e-07,3.5e-07,3.4e-07,3.5e-07,2569.44,0.0008736
2017-09-15 21:35:00,3.4e-07,3.4e-07,3.4e-07,3.4e-07,0.0,0.0
2017-09-15 21:36:00,3.5e-07,3.5e-07,3.4e-07,3.4e-07,33904.31,0.01187
2017-09-15 21:37:00,3.5e-07,3.5e-07,3.5e-07,3.5e-07,0.0,0.0
2017-09-15 21:38:00,3.4e-07,3.5e-07,3.4e-07,3.5e-07,342.0,0.0001163
2017-09-15 21:39:00,3.4e-07,3.5e-07,3.4e-07,3.4e-07,11283.62,0.003869
2017-09-15 21:40:00,3.5e-07,3.5e-07,3.4e-07,3.4e-07,5544.0,0.00194
2017-09-15 21:41:00,3.4e-07,3.5e-07,3.4e-07,3.5e-07,25686.36,0.008957
2017-09-15 21:42:00,3.4e-07,3.4e-07,3.4e-07,3.4e-07,0.0,0.0
2017-09-15 21:43:00,3.4e-07,3.4e-07,3.4e-07,3.4e-07,0.0,0.0
2017-09-15 21:44:00,3.4e-07,3.4e-07,3.4e-07,3.4e-07,0.0,0.0
2017-09-15 21:45:00,3.4e-07,3.4e-07,3.4e-07,3.4e-07,0.0,0.0
2017-09-15 21:46:00,3.4e-07,3.4e-07,3.4e-07,3.4e-07,0.0,0.0
2017-09-15 21:47:00,3.4e-07,3.4e-07,3.4e-07,3.4e-07,0.0,0.0
2017-09-15 21:48:00,3.4e-07,3.4e-07,3.4e-07,3.4e-07,0.0,0.0
2017-09-15 21:49:00,3.4e-07,3.5e-07,3.4e-07,3.4e-07,120022.61,0.04101
2017-09-15 21:50:00,3.5e-07,3.5e-07,3.4e-07,3.4e-07,13854.17,0.004849
2017-09-15 21:51:00,3.5e-07,3.5e-07,3.5e-07,3.5e-07,0.0,0.0
2017-09-15 21:52:00,3.5e-07,3.5e-07,3.5e-07,3.5e-07,0.0,0.0
2017-09-15 21:53:00,3.5e-07,3.5e-07,3.5e-07,3.5e-07,29170.77,0.01021
2017-09-15 21:54:00,3.4e-07,3.5e-07,3.4e-07,3.5e-07,408200.11,0.1388
2017-09-15 21:55:00,3.4e-07,3.4e-07,3.4e-07,3.4e-07,500.0,0.00017
2017-09-15 21:56:00,3.5e-07,3.5e-07,3.4e-07,3.4e-07,5147.79,0.001802
2017-09-15 21:57:00,3.4e-07,3.5e-07,3.4e-07,3.5e-07,402.07,0.0001367
2017-09-15 21:58:00,3.5e-07,3.5e-07,3.4e-07,3.4e-07,565.07,0.0001978
2017-09-15 21:59:00,3.4e-07,3.5e-07,3.4e-07,3.5e-07,9059.59,0.00308
2017-09-15 22:00:00,3.5e-07,3.5e-07,3.4e-07,3.4e-07,20169.6,0.007059
2017-09-15 22:01:00,3.5e-07,3.5e-07,3.5e-07,3.5e-07,0.0,0.0
2017-09-15 22:02:00,3.5e-07,3.5e-07,3.5e-07,3.5e-07,0.0,0.0
2017-09-15 22:03:00,3.5e-07,3.5e-07,3.5e-07,3.5e-07,0.0,0.0
2017-09-15 22:04:00,3.5e-07,3.5e-07,3.5e-07,3.5e-07,0.0,0.0
2017-09-15 22:05:00,3.5e-07,3.5e-07,3.5e-07,3.5e-07,0.0,0.0
2017-09-15 22:06:00,3.4e-07,3.5e-07,3.4e-07,3.5e-07,109725.0,0.03731
2017-09-15 22:07:00,3.4e-07,3.4e-07,3.4e-07,3.4e-07,402.0,0.0001367
2017-09-15 22:08:00,3.4e-07,3.4e-07,3.4e-07,3.4e-07,0.0,0.0
2017-09-15 22:09:00,3.4e-07,3.4e-07,3.4e-07,3.4e-07,0.0,0.0
2017-09-15 22:10:00,3.4e-07,3.4e-07,3.4e-07,3.4e-07,1842572.0,0.6265
2017-09-15 22:11:00,3.4e-07,3.5e-07,3.4e-07,3.4e-07,69453.98,0.0243
2017-09-15 22:12:00,3.5e-07,3.5e-07,3.4e-07,3.4e-07,11359.0,0.003976
2017-09-15 22:13:00,3.4e-07,3.5e-07,3.4e-07,3.5e-07,1247135.15,0.424
2017-09-15 22:14:00,3.4e-07,3.4e-07,3.4e-07,3.4e-07,0.0,0.0
2017-09-15 22:15:00,3.4e-07,3.4e-07,3.4e-07,3.4e-07,0.0,0.0
2017-09-15 22:16:00,3.4e-07,3.4e-07,3.4e-07,3.4e-07,0.0,0.0
2017-09-15 22:17:00,3.4e-07,3.4e-07,3.4e-07,3.4e-07,0.0,0.0
2017-09-15 22:18:00,3.4e-07,3.5e-07,3.4e-07,3.4e-07,157430.12,0.05426
2017-09-15 22:19:00,3.5e-07,3.5e-07,3.4e-07,3.4e-07,381126.71,0.1334
2017-09-15 22:20:00,3.4e-07,3.5e-07,3.4e-07,3.5e-07,759.06,0.0002581
2017-09-15 22:21:00,3.4e-07,3.4e-07,3.4e-07,3.4e-07,0.0,0.0
2017-09-15 22:22:00,3.5e-07,3.5e-07,3.4e-07,3.4e-07,114302.0,0.04001
2017-09-15 22:23:00,3.5e-07,3.5e-07,3.5e-07,3.5e-07,0.0,0.0
2017-09-15 22:24:00,3.5e-07,3.5e-07,3.5e-07,3.5e-07,10000.0,0.0035
2017-09-15 22:25:00,3.5e-07,3.5e-07,3.4e-07,3.5e-07,38706.82,0.01354
2017-09-15 22:26:00,3.4e-07,3.5e-07,3.4e-07,3.5e-07,415.2,0.0001412
2017-09-15 22:27:00,3.4e-07,3.5e-07,3.4e-07,3.4e-07,38932.51,0.01353
2017-09-15 22:28:00,3.4e-07,3.4e-07,3.4e-07,3.4e-07,0.0,0.0
2017-09-15 22:29:00,3.4e-07,3.4e-07,3.4e-07,3.4e-07,14657.27,0.004983
2017-09-15 22:30:00,3.4e-07,3.4e-07,3.4e-07,3.4e-07,0.0,0.0
2017-09-15 22:31:00,3.5e-07,3.5e-07,3.4e-07,3.4e-07,22914.29,0.00802
2017-09-15 22:32:00,3.5e-07,3.5e-07,3.5e-07,3.5e-07,0.0,0.0
2017-09-15 22:33:00,3.4e-07,3.5e-07,3.4e-07,3.5e-07,855.99,0.000291
2017-09-15 22:34:00,3.4e-07,3.4e-07,3.4e-07,3.4e-07,0.0,0.0
2017-09-15 22:35:00,3.4e-07,3.4e-07,3.4e-07,3.4e-07,0.0,0.0
2017-09-15 22:36:00,3.4e-07,3.4e-07,3.4e-07,3.4e-07,0.0,0.0
2017-09-15 22:37:00,3.4e-07,3.4e-07,3.4e-07,3.4e-07,0.0,0.0
2017-09-15 22:38:00,3.4e-07,3.4e-07,3.4e-07,3.4e-07,69048.06,0.02348
2017-09-15 22:39:00,3.4e-07,3.4e-07,3.4e-07,3.4e-07,113000.6,0.03842
2017-09-15 22:40:00,3.5e-07,3.5e-07,3.4e-07,3.4e-07,68748.11,0.02406
2017-09-15 22:41:00,3.5e-07,3.5e-07,3.5e-07,3.5e-07,24957.95,0.008735
2017-09-15 22:42:00,3.4e-07,3.5e-07,3.4e-07,3.5e-07,12125.06,0.004123
2017-09-15 22:43:00,3.4e-07,3.4e-07,3.4e-07,3.4e-07,0.0,0.0
2017-09-15 22:44:00,3.4e-07,3.4e-07,3.4e-07,3.4e-07,10473.75,0.003561
2017-09-15 22:45:00,3.4e-07,3.4e-07,3.4e-07,3.4e-07,0.0,0.0
2017-09-15 22:46:00,3.4e-07,3.4e-07,3.4e-07,3.4e-07,0.0,0.0
2017-09-15 22:47:00,3.5e-07,3.5e-07,3.4e-07,3.4e-07,2378.2,0.0008274
2017-09-15 22:48:00,3.4e-07,3.5e-07,3.4e-07,3.5e-07,8567.47,0.002913
2017-09-15 22:49:00,3.4e-07,3.4e-07,3.4e-07,3.4e-07,623.85,0.0002121
2017-09-15 22:50:00,3.4e-07,3.4e-07,3.4e-07,3.4e-07,0.0,0.0
2017-09-15 22:51:00,3.5e-07,3.5e-07,3.4e-07,3.4e-07,99892.88,0.03496
2017-09-15 22:52:00,3.5e-07,3.5e-07,3.4e-07,3.5e-07,30188.02,0.01031
2017-09-15 22:53:00,3.5e-07,3.5e-07,3.5e-07,3.5e-07,0.0,0.0
2017-09-15 22:54:00,3.5e-07,3.5e-07,3.5e-07,3.5e-07,28575.5,0.01
2017-09-15 22:55:00,3.5e-07,3.5e-07,3.5e-07,3.5e-07,25000.0,0.00875
2017-09-15 22:56:00,3.4e-07,3.5e-07,3.4e-07,3.5e-07,1815.17,0.0006172
2017-09-15 22:57:00,3.4e-07,3.4e-07,3.4e-07,3.4e-07,1717.66,0.000584
2017-09-15 22:58:00,3.4e-07,3.4e-07,3.4e-07,3.4e-07,2247742.94,0.7642
2017-09-15 22:59:00,3.4e-07,3.4e-07,3.4e-07,3.4e-07,0.0,0.0
2017-09-15 23:00:00,3.4e-07,3.4e-07,3.4e-07,3.4e-07,0.0,0.0
2017-09-15 23:01:00,3.4e-07,3.4e-07,3.4e-07,3.4e-07,0.0,0.0
2017-09-15 23:02:00,3.4e-07,3.4e-07,3.4e-07,3.4e-07,0.0,0.0
2017-09-15 23:03:00,3.4e-07,3.4e-07,3.4e-07,3.4e-07,0.0,0.0
2017-09-15 23:04:00,3.4e-07,3.4e-07,3.4e-07,3.4e-07,0.0,0.0
2017-09-15 23:05:00,3.4e-07,3.4e-07,3.4e-07,3.4e-07,0.0,0.0
2017-09-15 23:06:00,3.4e-07,3.4e-07,3.4e-07,3.4e-07,0.0,0.0
2017-09-15 23:07:00,3.4e-07,3.4e-07,3.4e-07,3.4e-07,0.0,0.0
2017-09-15 23:08:00,3.5e-07,3.5e-07,3.4e-07,3.4e-07,2857.14,0.001
2017-09-15 23:09:00,3.5e-07,3.5e-07,3.5e-07,3.5e-07,228571.43,0.08
2017-09-15 23:10:00,3.5e-07,3.5e-07,3.5e-07,3.5e-07,20001.69,0.007001
2017-09-15 23:11:00,3.5e-07,3.5e-07,3.5e-07,3.5e-07,5000.0,0.00175
2017-09-15 23:12:00,3.5e-07,3.5e-07,3.5e-07,3.5e-07,0.0,0.0
2017-09-15 23:13:00,3.5e-07,3.5e-07,3.5e-07,3.5e-07,634976.63,0.2222
2017-09-15 23:14:00,3.5e-07,3.5e-07,3.5e-07,3.5e-07,0.0,0.0
2017-09-15 23:15:00,3.5e-07,3.5e-07,3.5e-07,3.5e-07,0.0,0.0
2017-09-15 23:16:00,3.5e-07,3.5e-07,3.5e-07,3.5e-07,0.0,0.0
2017-09-15 23:17:00,3.5e-07,3.5e-07,3.5e-07,3.5e-07,1103.17,0.0003861
2017-09-15 23:18:00,3.5e-07,3.5e-07,3.5e-07,3.5e-07,2829.54,0.0009903
2017-09-15 23:19:00,3.5e-07,3.5e-07,3.5e-07,3.5e-07,0.0,0.0
2017-09-15 23:20:00,3.4e-07,3.5e-07,3.4e-07,3.5e-07,385.78,0.0001312
2017-09-15 23:21:00,3.5e-07,3.5e-07,3.4e-07,3.4e-07,714285.71,0.25
2017-09-15 23:22:00,3.5e-07,3.5e-07,3.5e-07,3.5e-07,342857.14,0.12
2017-09-15 23:23:00,3.5e-07,3.5e-07,3.5e-07,3.5e-07,0.0,0.0
2017-09-15 23:24:00,3.4e-07,3.5e-07,3.4e-07,3.5e-07,451.68,0.0001536
2017-09-15 23:25:00,3.4e-07,3.4e-07,3.4e-07,3.4e-07,0.0,0.0
2017-09-15 23:26:00,3.4e-07,3.4e-07,3.4e-07,3.4e-07,504188.97,0.1714
2017-09-15 23:27:00,3.5e-07,3.5e-07,3.4e-07,3.4e-07,300000.0,0.105
2017-09-15 23:28:00,3.4e-07,3.5e-07,3.4e-07,3.5e-07,5000.0,0.0017
2017-09-15 23:29:00,3.4e-07,3.4e-07,3.4e-07,3.4e-07,0.0,0.0
2017-09-15 23:30:00,3.5e-07,3.5e-07,3.4e-07,3.4e-07,295118.27,0.1033
2017-09-15 23:31:00,3.5e-07,3.5e-07,3.5e-07,3.5e-07,931.49,0.000326
2017-09-15 23:32:00,3.5e-07,3.5e-07,3.5e-07,3.5e-07,0.0,0.0
2017-09-15 23:33:00,3.5e-07,3.5e-07,3.5e-07,3.5e-07,0.0,0.0
2017-09-15 23:34:00,3.5e-07,3.5e-07,3.5e-07,3.5e-07,0.0,0.0
2017-09-15 23:35:00,3.5e-07,3.5e-07,3.5e-07,3.5e-07,0.0,0.0
2017-09-15 23:36:00,3.5e-07,3.5e-07,3.5e-07,3.5e-07,2228800.0,0.7801
2017-09-15 23:37:00,3.5e-07,3.5e-07,3.5e-07,3.5e-07,0.0,0.0
2017-09-15 23:38:00,3.5e-07,3.5e-07,3.5e-07,3.5e-07,22657.37,0.00793
2017-09-15 23:39:00,3.5e-07,3.5e-07,3.5e-07,3.5e-07,0.0,0.0
2017-09-15 23:40:00,3.5e-07,3.5e-07,3.5e-07,3.5e-07,21365.4,0.007478
2017-09-15 23:41:00,3.5e-07,3.5e-07,3.5e-07,3.5e-07,0.0,0.0
2017-09-15 23:42:00,3.5e-07,3.5e-07,3.5e-07,3.5e-07,23959.6,0.008386
2017-09-15 23:43:00,3.5e-07,3.5e-07,3.5e-07,3.5e-07,53356.39,0.01867
2017-09-15 23:44:00,3.5e-07,3.5e-07,3.5e-07,3.5e-07,0.0,0.0
2017-09-15 23:45:00,3.5e-07,3.5e-07,3.5e-07,3.5e-07,0.0,0.0
2017-09-15 23:46:00,3.5e-07,3.5e-07,3.5e-07,3.5e-07,0.0,0.0
2017-09-15 23:47:00,3.5e-07,3.5e-07,3.5e-07,3.5e-07,7473.0,0.002616
2017-09-15 23:48:00,3.5e-07,3.5e-07,3.5e-07,3.5e-07,0.0,0.0
2017-09-15 23:49:00,3.5e-07,3.5e-07,3.5e-07,3.5e-07,1565.18,0.0005478
2017-09-15 23:50:00,3.4e-07,3.5e-07,3.4e-07,3.5e-07,1005.3,0.0003418
2017-09-15 23:51:00,3.4e-07,3.4e-07,3.4e-07,3.4e-07,0.0,0.0
2017-09-15 23:52:00,3.4e-07,3.4e-07,3.4e-07,3.4e-07,33150.2,0.01127
2017-09-15 23:53:00,3.4e-07,3.4e-07,3.4e-07,3.4e-07,0.0,0.0
2017-09-15 23:54:00,3.4e-07,3.5e-07,3.4e-07,3.4e-07,15706.69,0.005409
2017-09-15 23:55:00,3.4e-07,3.4e-07,3.4e-07,3.4e-07,20000.0,0.0068
2017-09-15 23:56:00,3.4e-07,3.4e-07,3.4e-07,3.4e-07,0.0,0.0
2017-09-15 23:57:00,3.4e-07,3.4e-07,3.4e-07,3.4e-07,0.0,0.0
2017-09-15 23:58:00,3.4e-07,3.4e-07,3.4e-07,3.4e-07,0.0,0.0
2017-09-15 23:59:00,3.4e-07,3.4e-07,3.4e-07,3.4e-07,0.0,0.0
2017-09-16 00:00:00,3.4e-07,3.4e-07,3.4e-07,3.4e-07,0.0,0.0
2017-09-16 00:01:00,3.4e-07,3.4e-07,3.4e-07,3.4e-07,0.0,0.0
2017-09-16 00:02:00,3.4e-07,3.4e-07,3.4e-07,3.4e-07,0.0,0.0
2017-09-16 00:03:00,3.4e-07,3.4e-07,3.4e-07,3.4e-07,0.0,0.0
2017-09-16 00:04:00,3.4e-07,3.4e-07,3.4e-07,3.4e-07,0.0,0.0
2017-09-16 00:05:00,3.4e-07,3.4e-07,3.4e-07,3.4e-07,0.0,0.0
2017-09-16 00:06:00,3.4e-07,3.4e-07,3.4e-07,3.4e-07,0.0,0.0
2017-09-16 00:07:00,3.4e-07,3.4e-07,3.4e-07,3.4e-07,0.0,0.0
2017-09-16 00:08:00,3.4e-07,3.4e-07,3.4e-07,3.4e-07,0.0,0.0
2017-09-16 00:09:00,3.4e-07,3.4e-07,3.4e-07,3.4e-07,0.0,0.0
2017-09-16 00:10:00,3.4e-07,3.4e-07,3.4e-07,3.4e-07,0.0,0.0
2017-09-16 00:11:00,3.4e-07,3.4e-07,3.4e-07,3.4e-07,55685.52,0.01893
2017-09-16 00:12:00,3.5e-07,3.5e-07,3.4e-07,3.4e-07,20000.0,0.007
2017-09-16 00:13:00,3.5e-07,3.5e-07,3.5e-07,3.5e-07,0.0,0.0
2017-09-16 00:14:00,3.5e-07,3.5e-07,3.5e-07,3.5e-07,0.0,0.0
2017-09-16 00:15:00,3.5e-07,3.5e-07,3.5e-07,3.5e-07,0.0,0.0
2017-09-16 00:16:00,3.5e-07,3.5e-07,3.4e-07,3.5e-07,215090.68,0.07512
2017-09-16 00:17:00,3.5e-07,3.5e-07,3.5e-07,3.5e-07,46750.0,0.01636
2017-09-16 00:18:00,3.4e-07,3.5e-07,3.4e-07,3.5e-07,1250.0,0.000425
2017-09-16 00:19:00,3.5e-07,3.5e-07,3.4e-07,3.4e-07,14230.0,0.00498
2017-09-16 00:20:00,3.5e-07,3.5e-07,3.5e-07,3.5e-07,602.86,0.000211
2017-09-16 00:21:00,3.5e-07,3.5e-07,3.5e-07,3.5e-07,0.0,0.0
2017-09-16 00:22:00,3.5e-07,3.5e-07,3.5e-07,3.5e-07,1420.0,0.000497
2017-09-16 00:23:00,3.5e-07,3.5e-07,3.5e-07,3.5e-07,12800.0,0.00448
2017-09-16 00:24:00,3.5e-07,3.5e-07,3.5e-07,3.5e-07,1165.6,0.000408
2017-09-16 00:25:00,3.5e-07,3.5e-07,3.5e-07,3.5e-07,0.0,0.0
2017-09-16 00:26:00,3.5e-07,3.5e-07,3.5e-07,3.5e-07,0.0,0.0
2017-09-16 00:27:00,3.5e-07,3.5e-07,3.5e-07,3.5e-07,0.0,0.0
2017-09-16 00:28:00,3.4e-07,3.5e-07,3.4e-07,3.5e-07,40456.86,0.01376
2017-09-16 00:29:00,3.4e-07,3.4e-07,3.4e-07,3.4e-07,0.0,0.0
2017-09-16 00:30:00,3.4e-07,3.4e-07,3.4e-07,3.4e-07,6490.25,0.002207
2017-09-16 00:31:00,3.5e-07,3.5e-07,3.4e-07,3.4e-07,443820.2,0.1553
2017-09-16 00:32:00,3.5e-07,3.5e-07,3.5e-07,3.5e-07,0.0,0.0
2017-09-16 00:33:00,3.4e-07,3.5e-07,3.4e-07,3.5e-07,21221.15,0.007215
2017-09-16 00:34:00,3.4e-07,3.4e-07,3.4e-07,3.4e-07,0.0,0.0
2017-09-16 00:35:00,3.4e-07,3.4e-07,3.4e-07,3.4e-07,0.0,0.0
2017-09-16 00:36:00,3.4e-07,3.4e-07,3.4e-07,3.4e-07,0.0,0.0
2017-09-16 00:37:00,3.4e-07,3.4e-07,3.4e-07,3.4e-07,0.0,0.0
2017-09-16 00:38:00,3.4e-07,3.4e-07,3.4e-07,3.4e-07,0.0,0.0
2017-09-16 00:39:00,3.4e-07,3.4e-07,3.4e-07,3.4e-07,0.0,0.0
2017-09-16 00:40:00,3.5e-07,3.5e-07,3.4e-07,3.4e-07,1003.0,0.000351
2017-09-16 00:41:00,3.4e-07,3.5e-07,3.4e-07,3.5e-07,10000.0,0.0034
2017-09-16 00:42:00,3.4e-07,3.4e-07,3.4e-07,3.4e-07,0.0,0.0
2017-09-16 00:43:00,3.4e-07,3.4e-07,3.4e-07,3.4e-07,0.0,0.0
2017-09-16 00:44:00,3.4e-07,3.4e-07,3.4e-07,3.4e-07,323.0,0.0001098
2017-09-16 00:45:00,3.4e-07,3.4e-07,3.4e-07,3.4e-07,0.0,0.0
2017-09-16 00:46:00,3.4e-07,3.4e-07,3.4e-07,3.4e-07,29293.25,0.00996
2017-09-16 00:47:00,3.4e-07,3.4e-07,3.4e-07,3.4e-07,0.0,0.0
2017-09-16 00:48:00,3.4e-07,3.4e-07,3.4e-07,3.4e-07,0.0,0.0
2017-09-16 00:49:00,3.4e-07,3.4e-07,3.4e-07,3.4e-07,41620.41,0.01415
2017-09-16 00:50:00,3.4e-07,3.4e-07,3.4e-07,3.4e-07,0.0,0.0
2017-09-16 00:51:00,3.4e-07,3.4e-07,3.4e-07,3.4e-07,0.0,0.0
2017-09-16 00:52:00,3.4e-07,3.4e-07,3.4e-07,3.4e-07,0.0,0.0
2017-09-16 00:53:00,3.5e-07,3.5e-07,3.4e-07,3.4e-07,400000.0,0.14
2017-09-16 00:54:00,3.5e-07,3.5e-07,3.5e-07,3.5e-07,0.0,0.0
2017-09-16 00:55:00,3.5e-07,3.5e-07,3.5e-07,3.5e-07,1275151.43,0.4463
2017-09-16 00:56:00,3.5e-07,3.5e-07,3.5e-07,3.5e-07,0.0,0.0
2017-09-16 00:57:00,3.5e-07,3.5e-07,3.5e-07,3.5e-07,56236.97,0.01968
2017-09-16 00:58:00,3.5e-07,3.5e-07,3.5e-07,3.5e-07,0.0,0.0
2017-09-16 00:59:00,3.5e-07,3.5e-07,3.5e-07,3.5e-07,43839.0,0.01534
2017-09-16 01:00:00,3.4e-07,3.5e-07,3.4e-07,3.5e-07,29660.13,0.01008
2017-09-16 01:01:00,3.4e-07,3.4e-07,3.4e-07,3.4e-07,0.0,0.0
2017-09-16 01:02:00,3.4e-07,3.4e-07,3.4e-07,3.4e-07,0.0,0.0
2017-09-16 01:03:00,3.4e-07,3.4e-07,3.4e-07,3.4e-07,0.0,0.0
2017-09-16 01:04:00,3.4e-07,3.4e-07,3.4e-07,3.4e-07,42909.25,0.01459
2017-09-16 01:05:00,3.4e-07,3.4e-07,3.4e-07,3.4e-07,0.0,0.0
2017-09-16 01:06:00,3.5e-07,3.5e-07,3.4e-07,3.4e-07,11508.89,0.004028
2017-09-16 01:07:00,3.4e-07,3.5e-07,3.4e-07,3.5e-07,481.8,0.0001638
2017-09-16 01:08:00,3.4e-07,3.4e-07,3.4e-07,3.4e-07,0.0,0.0
2017-09-16 01:09:00,3.4e-07,3.4e-07,3.4e-07,3.4e-07,0.0,0.0
2017-09-16 01:10:00,3.4e-07,3.4e-07,3.4e-07,3.4e-07,21438.79,0.007289
2017-09-16 01:11:00,3.5e-07,3.5e-07,3.4e-07,3.4e-07,14250.0,0.004987
2017-09-16 01:12:00,3.5e-07,3.5e-07,3.5e-07,3.5e-07,3872.11,0.001355
2017-09-16 01:13:00,3.5e-07,3.5e-07,3.5e-07,3.5e-07,0.0,0.0
2017-09-16 01:14:00,3.5e-07,3.5e-07,3.5e-07,3.5e-07,0.0,0.0
2017-09-16 01:15:00,3.5e-07,3.5e-07,3.5e-07,3.5e-07,811665.78,0.2841
2017-09-16 01:16:00,3.5e-07,3.5e-07,3.5e-07,3.5e-07,0.0,0.0
2017-09-16 01:17:00,3.5e-07,3.5e-07,3.5e-07,3.5e-07,50000.0,0.0175
2017-09-16 01:18:00,3.5e-07,3.5e-07,3.5e-07,3.5e-07,24500.0,0.008575
2017-09-16 01:19:00,3.5e-07,3.5e-07,3.5e-07,3.5e-07,0.0,0.0
2017-09-16 01:20:00,3.5e-07,3.5e-07,3.5e-07,3.5e-07,0.0,0.0
2017-09-16 01:21:00,3.5e-07,3.5e-07,3.5e-07,3.5e-07,0.0,0.0
2017-09-16 01:22:00,3.4e-07,3.5e-07,3.4e-07,3.5e-07,361.98,0.0001231
2017-09-16 01:23:00,3.4e-07,3.4e-07,3.4e-07,3.4e-07,0.0,0.0
2017-09-16 01:24:00,3.4e-07,3.4e-07,3.4e-07,3.4e-07,0.0,0.0
2017-09-16 01:25:00,3.4e-07,3.4e-07,3.4e-07,3.4e-07,0.0,0.0
2017-09-16 01:26:00,3.4e-07,3.4e-07,3.4e-07,3.4e-07,0.0,0.0
2017-09-16 01:27:00,3.4e-07,3.4e-07,3.4e-07,3.4e-07,0.0,0.0
2017-09-16 01:28:00,3.4e-07,3.4e-07,3.4e-07,3.4e-07,0.0,0.0
2017-09-16 01:29:00,3.5e-07,3.5e-07,3.4e-07,3.4e-07,7500.0,0.002625
2017-09-16 01:30:00,3.5e-07,3.5e-07,3.5e-07,3.5e-07,0.0,0.0
2017-09-16 01:31:00,3.5e-07,3.5e-07,3.5e-07,3.5e-07,71428.57,0.025
2017-09-16 01:32:00,3.4e-07,3.5e-07,3.4e-07,3.5e-07,253156.9,0.08607
2017-09-16 01:33:00,3.5e-07,3.5e-07,3.4e-07,3.4e-07,47777.0,0.01672
2017-09-16 01:34:00,3.5e-07,3.5e-07,3.5e-07,3.5e-07,0.0,0.0
2017-09-16 01:35:00,3.5e-07,3.5e-07,3.5e-07,3.5e-07,1805021.66,0.6318
2017-09-16 01:36:00,3.4e-07,3.5e-07,3.4e-07,3.5e-07,340.75,0.0001158
2017-09-16 01:37:00,3.4e-07,3.4e-07,3.4e-07,3.4e-07,0.0,0.0
2017-09-16 01:38:00,3.5e-07,3.5e-07,3.4e-07,3.4e-07,1003.0,0.000351
2017-09-16 01:39:00,3.5e-07,3.5e-07,3.5e-07,3.5e-07,0.0,0.0
2017-09-16 01:40:00,3.5e-07,3.5e-07,3.5e-07,3.5e-07,0.0,0.0
2017-09-16 01:41:00,3.5e-07,3.5e-07,3.5e-07,3.5e-07,0.0,0.0
2017-09-16 01:42:00,3.5e-07,3.5e-07,3.5e-07,3.5e-07,0.0,0.0
2017-09-16 01:43:00,3.5e-07,3.5e-07,3.5e-07,3.5e-07,0.0,0.0
2017-09-16 01:44:00,3.5e-07,3.5e-07,3.5e-07,3.5e-07,500.0,0.000175
2017-09-16 01:45:00,3.5e-07,3.5e-07,3.5e-07,3.5e-07,0.0,0.0
2017-09-16 01:46:00,3.5e-07,3.5e-07,3.5e-07,3.5e-07,0.0,0.0
2017-09-16 01:47:00,3.5e-07,3.5e-07,3.5e-07,3.5e-07,0.0,0.0
2017-09-16 01:48:00,3.4e-07,3.5e-07,3.4e-07,3.5e-07,49481.99,0.01682
2017-09-16 01:49:00,3.5e-07,3.5e-07,3.4e-07,3.4e-07,1430195.91,0.5006
2017-09-16 01:50:00,3.4e-07,3.5e-07,3.4e-07,3.5e-07,1000.0,0.00034
2017-09-16 01:51:00,3.4e-07,3.4e-07,3.4e-07,3.4e-07,1500.0,0.00051
2017-09-16 01:52:00,3.4e-07,3.4e-07,3.4e-07,3.4e-07,0.0,0.0
2017-09-16 01:53:00,3.4e-07,3.4e-07,3.4e-07,3.4e-07,0.0,0.0
2017-09-16 01:54:00,3.4e-07,3.4e-07,3.4e-07,3.4e-07,0.0,0.0
2017-09-16 01:55:00,3.4e-07,3.4e-07,3.4e-07,3.4e-07,9100.0,0.003094
2017-09-16 01:56:00,3.4e-07,3.4e-07,3.4e-07,3.4e-07,0.0,0.0
2017-09-16 01:57:00,3.4e-07,3.4e-07,3.4e-07,3.4e-07,540.0,0.0001836
2017-09-16 01:58:00,3.4e-07,3.4e-07,3.4e-07,3.4e-07,0.0,0.0
2017-09-16 01:59:00,3.5e-07,3.5e-07,3.4e-07,3.4e-07,571428.57,0.2
2017-09-16 02:00:00,3.4e-07,3.5e-07,3.4e-07,3.5e-07,17000.0,0.00578
2017-09-16 02:01:00,3.4e-07,3.4e-07,3.4e-07,3.4e-07,0.0,0.0
2017-09-16 02:02:00,3.4e-07,3.4e-07,3.4e-07,3.4e-07,0.0,0.0
2017-09-16 02:03:00,3.4e-07,3.4e-07,3.4e-07,3.4e-07,0.0,0.0
2017-09-16 02:04:00,3.4e-07,3.4e-07,3.4e-07,3.4e-07,2407.63,0.0008186
2017-09-16 02:05:00,3.4e-07,3.4e-07,3.4e-07,3.4e-07,0.0,0.0
2017-09-16 02:06:00,3.5e-07,3.5e-07,3.4e-07,3.4e-07,330473.46,0.1157
2017-09-16 02:07:00,3.5e-07,3.5e-07,3.5e-07,3.5e-07,831.54,0.000291
2017-09-16 02:08:00,3.5e-07,3.5e-07,3.5e-07,3.5e-07,0.0,0.0
2017-09-16 02:09:00,3.5e-07,3.5e-07,3.5e-07,3.5e-07,0.0,0.0
2017-09-16 02:10:00,3.5e-07,3.5e-07,3.5e-07,3.5e-07,0.0,0.0
2017-09-16 02:11:00,3.5e-07,3.5e-07,3.5e-07,3.5e-07,0.0,0.0
2017-09-16 02:12:00,3.5e-07,3.5e-07,3.5e-07,3.5e-07,0.0,0.0
2017-09-16 02:13:00,3.5e-07,3.5e-07,3.5e-07,3.5e-07,3000.0,0.00105
2017-09-16 02:14:00,3.6e-07,3.6e-07,3.5e-07,3.5e-07,100300.0,0.03611
2017-09-16 02:15:00,3.5e-07,3.6e-07,3.5e-07,3.6e-07,3000.0,0.00105
2017-09-16 02:16:00,3.5e-07,3.6e-07,3.5e-07,3.5e-07,2283.3,0.0008058
2017-09-16 02:17:00,3.5e-07,3.5e-07,3.5e-07,3.5e-07,0.0,0.0
2017-09-16 02:18:00,3.6e-07,3.6e-07,3.5e-07,3.5e-07,70132.84,0.0251
2017-09-16 02:19:00,3.6e-07,3.6e-07,3.6e-07,3.6e-07,0.0,0.0
2017-09-16 02:20:00,3.5e-07,3.6e-07,3.5e-07,3.6e-07,10000.0,0.0035
2017-09-16 02:21:00,3.5e-07,3.5e-07,3.5e-07,3.5e-07,53325.2,0.01866
2017-09-16 02:22:00,3.5e-07,3.5e-07,3.5e-07,3.5e-07,277083.33,0.09698
2017-09-16 02:23:00,3.5e-07,3.5e-07,3.5e-07,3.5e-07,0.0,0.0
2017-09-16 02:24:00,3.5e-07,3.5e-07,3.5e-07,3.5e-07,0.0,0.0
2017-09-16 02:25:00,3.5e-07,3.5e-07,3.5e-07,3.5e-07,0.0,0.0
2017-09-16 02:26:00,3.5e-07,3.5e-07,3.5e-07,3.5e-07,0.0,0.0
2017-09-16 02:27:00,3.5e-07,3.5e-07,3.5e-07,3.5e-07,300000.0,0.105
2017-09-16 02:28:00,3.5e-07,3.5e-07,3.5e-07,3.5e-07,44007.35,0.0154
2017-09-16 02:29:00,3.6e-07,3.6e-07,3.5e-07,3.5e-07,2083333.33,0.75
2017-09-16 02:30:00,3.6e-07,3.6e-07,3.5e-07,3.6e-07,29900.15,0.01048
2017-09-16 02:31:00,3.6e-07,3.6e-07,3.6e-07,3.6e-07,1703106.08,0.6131
2017-09-16 02:32:00,3.5e-07,3.6e-07,3.5e-07,3.6e-07,81302.63,0.02846
2017-09-16 02:33:00,3.5e-07,3.5e-07,3.5e-07,3.5e-07,0.0,0.0
2017-09-16 02:34:00,3.6e-07,3.6e-07,3.5e-07,3.5e-07,9313.72,0.003353
2017-09-16 02:35:00,3.5e-07,3.6e-07,3.5e-07,3.6e-07,3736.64,0.001308
2017-09-16 02:36:00,3.5e-07,3.5e-07,3.5e-07,3.5e-07,0.0,0.0
2017-09-16 02:37:00,3.6e-07,3.6e-07,3.5e-07,3.5e-07,461987.42,0.1663
2017-09-16 02:38:00,3.5e-07,3.6e-07,3.5e-07,3.6e-07,3820.9,0.001337
2017-09-16 02:39:00,3.5e-07,3.5e-07,3.5e-07,3.5e-07,0.0,0.0
2017-09-16 02:40:00,3.5e-07,3.5e-07,3.5e-07,3.5e-07,117606.04,0.04116
2017-09-16 02:41:00,3.5e-07,3.5e-07,3.5e-07,3.5e-07,34128.99,0.01195
2017-09-16 02:42:00,3.5e-07,3.5e-07,3.5e-07,3.5e-07,8500.0,0.002975
2017-09-16 02:43:00,3.5e-07,3.5e-07,3.5e-07,3.5e-07,0.0,0.0
2017-09-16 02:44:00,3.5e-07,3.5e-07,3.5e-07,3.5e-07,3835.72,0.001342
2017-09-16 02:45:00,3.5e-07,3.5e-07,3.5e-07,3.5e-07,420.65,0.0001472
2017-09-16 02:46:00,3.6e-07,3.6e-07,3.5e-07,3.5e-07,1432318.81,0.5156
2017-09-16 02:47:00,3.6e-07,3.6e-07,3.6e-07,3.6e-07,0.0,0.0
2017-09-16 02:48:00,3.6e-07,3.6e-07,3.6e-07,3.6e-07,0.0,0.0
2017-09-16 02:49:00,3.5e-07,3.6e-07,3.5e-07,3.6e-07,2027764.17,0.7097
2017-09-16 02:50:00,3.5e-07,3.5e-07,3.5e-07,3.5e-07,0.0,0.0
2017-09-16 02:51:00,3.5e-07,3.5e-07,3.5e-07,3.5e-07,2270.0,0.0007945
2017-09-16 02:52:00,3.5e-07,3.5e-07,3.5e-07,3.5e-07,0.0,0.0
2017-09-16 02:53:00,3.6e-07,3.6e-07,3.5e-07,3.5e-07,10967.74,0.003948
2017-09-16 02:54:00,3.6e-07,3.6e-07,3.6e-07,3.6e-07,10000.0,0.0036
2017-09-16 02:55:00,3.6e-07,3.6e-07,3.6e-07,3.6e-07,0.0,0.0
2017-09-16 02:56:00,3.5e-07,3.6e-07,3.5e-07,3.6e-07,46253.47,0.01619
2017-09-16 02:57:00,3.5e-07,3.5e-07,3.5e-07,3.5e-07,0.0,0.0
2017-09-16 02:58:00,3.5e-07,3.5e-07,3.5e-07,3.5e-07,112457.22,0.03936
2017-09-16 02:59:00,3.5e-07,3.5e-07,3.5e-07,3.5e-07,20000.0,0.007
2017-09-16 03:00:00,3.5e-07,3.5e-07,3.5e-07,3.5e-07,0.0,0.0
2017-09-16 03:01:00,3.5e-07,3.5e-07,3.5e-07,3.5e-07,0.0,0.0
2017-09-16 03:02:00,3.5e-07,3.5e-07,3.5e-07,3.5e-07,0.0,0.0
2017-09-16 03:03:00,3.5e-07,3.5e-07,3.5e-07,3.5e-07,13443.15,0.004705
2017-09-16 03:04:00,3.5e-07,3.5e-07,3.5e-07,3.5e-07,10000.0,0.0035
2017-09-16 03:05:00,3.5e-07,3.5e-07,3.5e-07,3.5e-07,0.0,0.0
2017-09-16 03:06:00,3.5e-07,3.5e-07,3.5e-07,3.5e-07,0.0,0.0
2017-09-16 03:07:00,3.6e-07,3.6e-07,3.5e-07,3.5e-07,336164.59,0.1177
2017-09-16 03:08:00,3.6e-07,3.6e-07,3.6e-07,3.6e-07,4555.61,0.00164
2017-09-16 03:09:00,3.6e-07,3.6e-07,3.6e-07,3.6e-07,0.0,0.0
2017-09-16 03:10:00,3.6e-07,3.6e-07,3.6e-07,3.6e-07,10000.0,0.0036
2017-09-16 03:11:00,3.5e-07,3.6e-07,3.5e-07,3.6e-07,332883.79,0.1198
2017-09-16 03:12:00,3.5e-07,3.5e-07,3.5e-07,3.5e-07,17300.0,0.006055
2017-09-16 03:13:00,3.5e-07,3.6e-07,3.5e-07,3.5e-07,20547.95,0.007219
2017-09-16 03:14:00,3.5e-07,3.5e-07,3.5e-07,3.5e-07,0.0,0.0
2017-09-16 03:15:00,3.6e-07,3.6e-07,3.5e-07,3.5e-07,732003.3,0.2635
2017-09-16 03:16:00,3.5e-07,3.6e-07,3.5e-07,3.6e-07,41316.79,0.01446
2017-09-16 03:17:00,3.5e-07,3.5e-07,3.5e-07,3.5e-07,0.0,0.0
2017-09-16 03:18:00,3.5e-07,3.5e-07,3.5e-07,3.5e-07,0.0,0.0
2017-09-16 03:19:00,3.6e-07,3.6e-07,3.5e-07,3.5e-07,10000.0,0.0036
2017-09-16 03:20:00,3.6e-07,3.6e-07,3.6e-07,3.6e-07,0.0,0.0
2017-09-16 03:21:00,3.6e-07,3.6e-07,3.6e-07,3.6e-07,994134.5,0.3579
2017-09-16 03:22:00,3.6e-07,3.6e-07,3.5e-07,3.6e-07,234368.41,0.08437
2017-09-16 03:23:00,3.6e-07,3.6e-07,3.6e-07,3.6e-07,3333.33,0.0012
2017-09-16 03:24:00,3.6e-07,3.6e-07,3.6e-07,3.6e-07,0.0,0.0
2017-09-16 03:25:00,3.5e-07,3.6e-07,3.5e-07,3.6e-07,345.6,0.0001209
2017-09-16 03:26:00,3.5e-07,3.5e-07,3.5e-07,3.5e-07,0.0,0.0
2017-09-16 03:27:00,3.5e-07,3.5e-07,3.5e-07,3.5e-07,0.0,0.0
2017-09-16 03:28:00,3.5e-07,3.5e-07,3.5e-07,3.5e-07,1298.99,0.0004546
2017-09-16 03:29:00,3.5e-07,3.5e-07,3.5e-07,3.5e-07,5364.81,0.001878
2017-09-16 03:30:00,3.6e-07,3.6e-07,3.5e-07,3.5e-07,30090.0,0.01083
2017-09-16 03:31:00,3.5e-07,3.6e-07,3.5e-07,3.6e-07,100000.0,0.035
2017-09-16 03:32:00,3.5e-07,3.5e-07,3.5e-07,3.5e-07,0.0,0.0
2017-09-16 03:33:00,3.5e-07,3.6e-07,3.5e-07,3.5e-07,4987.33,0.001792
2017-09-16 03:34:00,3.5e-07,3.5e-07,3.5e-07,3.5e-07,12000.0,0.0042
2017-09-16 03:35:00,3.5e-07,3.5e-07,3.5e-07,3.5e-07,0.0,0.0
2017-09-16 03:36:00,3.5e-07,3.5e-07,3.5e-07,3.5e-07,0.0,0.0
2017-09-16 03:37:00,3.5e-07,3.5e-07,3.5e-07,3.5e-07,0.0,0.0
2017-09-16 03:38:00,3.5e-07,3.5e-07,3.5e-07,3.5e-07,0.0,0.0
2017-09-16 03:39:00,3.5e-07,3.5e-07,3.5e-07,3.5e-07,100000.0,0.035
2017-09-16 03:40:00,3.5e-07,3.6e-07,3.5e-07,3.5e-07,205803.21,0.07208
2017-09-16 03:41:00,3.6e-07,3.6e-07,3.5e-07,3.5e-07,88173.79,0.0314
2017-09-16 03:42:00,3.6e-07,3.6e-07,3.6e-07,3.6e-07,64635.14,0.02327
2017-09-16 03:43:00,3.5e-07,3.6e-07,3.5e-07,3.6e-07,47652.73,0.01668
2017-09-16 03:44:00,3.5e-07,3.5e-07,3.5e-07,3.5e-07,0.0,0.0
2017-09-16 03:45:00,3.5e-07,3.6e-07,3.5e-07,3.5e-07,1261940.35,0.4543
2017-09-16 03:46:00,3.6e-07,3.6e-07,3.5e-07,3.5e-07,902136.01,0.3248
2017-09-16 03:47:00,3.6e-07,3.6e-07,3.6e-07,3.6e-07,555555.56,0.2
2017-09-16 03:48:00,3.6e-07,3.6e-07,3.6e-07,3.6e-07,555555.56,0.2
2017-09-16 03:49:00,3.6e-07,3.6e-07,3.6e-07,3.6e-07,266966.67,0.09611
2017-09-16 03:50:00,3.5e-07,3.6e-07,3.5e-07,3.6e-07,28929.44,0.01013
2017-09-16 03:51:00,3.6e-07,3.6e-07,3.5e-07,3.5e-07,11895.0,0.004263
2017-09-16 03:52:00,3.6e-07,3.6e-07,3.6e-07,3.6e-07,0.0,0.0
2017-09-16 03:53:00,3.5e-07,3.6e-07,3.5e-07,3.6e-07,444.66,0.0001556
2017-09-16 03:54:00,3.5e-07,3.5e-07,3.5e-07,3.5e-07,0.0,0.0
2017-09-16 03:55:00,3.5e-07,3.5e-07,3.5e-07,3.5e-07,0.0,0.0
2017-09-16 03:56:00,3.5e-07,3.5e-07,3.5e-07,3.5e-07,0.0,0.0
2017-09-16 03:57:00,3.5e-07,3.5e-07,3.5e-07,3.5e-07,0.0,0.0
2017-09-16 03:58:00,3.5e-07,3.5e-07,3.5e-07,3.5e-07,0.0,0.0
2017-09-16 03:59:00,3.5e-07,3.5e-07,3.5e-07,3.5e-07,0.0,0.0
2017-09-16 04:00:00,3.5e-07,3.5e-07,3.5e-07,3.5e-07,0.0,0.0
2017-09-16 04:01:00,3.5e-07,3.5e-07,3.5e-07,3.5e-07,0.0,0.0
2017-09-16 04:02:00,3.5e-07,3.5e-07,3.5e-07,3.5e-07,6146.07,0.002151
2017-09-16 04:03:00,3.5e-07,3.5e-07,3.5e-07,3.5e-07,0.0,0.0
2017-09-16 04:04:00,3.6e-07,3.6e-07,3.5e-07,3.5e-07,804099.05,0.2895
2017-09-16 04:05:00,3.5e-07,3.6e-07,3.5e-07,3.6e-07,871.94,0.0003052
2017-09-16 04:06:00,3.5e-07,3.5e-07,3.5e-07,3.5e-07,21086.42,0.00738
2017-09-16 04:07:00,3.6e-07,3.6e-07,3.5e-07,3.5e-07,700.0,0.000252
2017-09-16 04:08:00,3.6e-07,3.6e-07,3.6e-07,3.6e-07,0.0,0.0
2017-09-16 04:09:00,3.6e-07,3.6e-07,3.6e-07,3.6e-07,0.0,0.0
2017-09-16 04:10:00,3.5e-07,3.6e-07,3.5e-07,3.6e-07,603.94,0.0002114
2017-09-16 04:11:00,3.5e-07,3.5e-07,3.5e-07,3.5e-07,2303.89,0.0008064
2017-09-16 04:12:00,3.5e-07,3.5e-07,3.5e-07,3.5e-07,821.37,0.0002875
2017-09-16 04:13:00,3.5e-07,3.5e-07,3.5e-07,3.5e-07,16281.8,0.005699
2017-09-16 04:14:00,3.5e-07,3.5e-07,3.5e-07,3.5e-07,0.0,0.0
2017-09-16 04:15:00,3.5e-07,3.5e-07,3.5e-07,3.5e-07,0.0,0.0
2017-09-16 04:16:00,3.5e-07,3.5e-07,3.5e-07,3.5e-07,0.0,0.0
2017-09-16 04:17:00,3.5e-07,3.5e-07,3.5e-07,3.5e-07,0.0,0.0
2017-09-16 04:18:00,3.5e-07,3.5e-07,3.5e-07,3.5e-07,0.0,0.0
2017-09-16 04:19:00,3.5e-07,3.5e-07,3.5e-07,3.5e-07,55174.62,0.01931
2017-09-16 04:20:00,3.5e-07,3.5e-07,3.5e-07,3.5e-07,0.0,0.0
2017-09-16 04:21:00,3.5e-07,3.5e-07,3.5e-07,3.5e-07,0.0,0.0
2017-09-16 04:22:00,3.5e-07,3.5e-07,3.5e-07,3.5e-07,0.0,0.0
2017-09-16 04:23:00,3.5e-07,3.5e-07,3.5e-07,3.5e-07,0.0,0.0
2017-09-16 04:24:00,3.5e-07,3.5e-07,3.5e-07,3.5e-07,0.0,0.0
2017-09-16 04:25:00,3.5e-07,3.5e-07,3.5e-07,3.5e-07,0.0,0.0
2017-09-16 04:26:00,3.5e-07,3.5e-07,3.5e-07,3.5e-07,0.0,0.0
2017-09-16 04:27:00,3.5e-07,3.5e-07,3.5e-07,3.5e-07,0.0,0.0
2017-09-16 04:28:00,3.5e-07,3.5e-07,3.5e-07,3.5e-07,112502.79,0.03938
2017-09-16 04:29:00,3.5e-07,3.5e-07,3.5e-07,3.5e-07,0.0,0.0
2017-09-16 04:30:00,3.5e-07,3.5e-07,3.5e-07,3.5e-07,0.0,0.0
2017-09-16 04:31:00,3.5e-07,3.5e-07,3.5e-07,3.5e-07,0.0,0.0
2017-09-16 04:32:00,3.6e-07,3.6e-07,3.5e-07,3.5e-07,1027777.78,0.36
2017-09-16 04:33:00,3.6e-07,3.6e-07,3.6e-07,3.6e-07,0.0,0.0
2017-09-16 04:34:00,3.5e-07,3.6e-07,3.5e-07,3.6e-07,1000.0,0.00035
2017-09-16 04:35:00,3.5e-07,3.5e-07,3.5e-07,3.5e-07,1113.0,0.0003896
2017-09-16 04:36:00,3.5e-07,3.5e-07,3.5e-07,3.5e-07,775.94,0.0002716
2017-09-16 04:37:00,3.5e-07,3.5e-07,3.5e-07,3.5e-07,9975.0,0.003491
2017-09-16 04:38:00,3.6e-07,3.6e-07,3.5e-07,3.5e-07,1829119.86,0.6585
2017-09-16 04:39:00,3.5e-07,3.6e-07,3.5e-07,3.6e-07,435.05,0.0001523
2017-09-16 04:40:00,3.5e-07,3.5e-07,3.5e-07,3.5e-07,21154.24,0.007404
2017-09-16 04:41:00,3.5e-07,3.5e-07,3.5e-07,3.5e-07,323455.01,0.1132
2017-09-16 04:42:00,3.5e-07,3.5e-07,3.5e-07,3.5e-07,0.0,0.0
2017-09-16 04:43:00,3.6e-07,3.6e-07,3.5e-07,3.5e-07,11058.44,0.003981
2017-09-16 04:44:00,3.5e-07,3.6e-07,3.5e-07,3.6e-07,29338.24,0.01027
2017-09-16 04:45:00,3.6e-07,3.6e-07,3.5e-07,3.5e-07,2764.61,0.0009953
2017-09-16 04:46:00,3.5e-07,3.6e-07,3.5e-07,3.6e-07,436.45,0.0001527
2017-09-16 04:47:00,3.5e-07,3.5e-07,3.5e-07,3.5e-07,0.0,0.0
2017-09-16 04:48:00,3.5e-07,3.5e-07,3.5e-07,3.5e-07,129778.96,0.04542
2017-09-16 04:49:00,3.5e-07,3.5e-07,3.5e-07,3.5e-07,0.0,0.0
2017-09-16 04:50:00,3.5e-07,3.5e-07,3.5e-07,3.5e-07,553.61,0.0001938
2017-09-16 04:51:00,3.5e-07,3.5e-07,3.5e-07,3.5e-07,0.0,0.0
2017-09-16 04:52:00,3.5e-07,3.5e-07,3.5e-07,3.5e-07,0.0,0.0
2017-09-16 04:53:00,3.5e-07,3.5e-07,3.5e-07,3.5e-07,0.0,0.0
2017-09-16 04:54:00,3.5e-07,3.6e-07,3.5e-07,3.5e-07,500437.33,0.1802
2017-09-16 04:55:00,3.5e-07,3.5e-07,3.5e-07,3.5e-07,0.0,0.0
2017-09-16 04:56:00,3.5e-07,3.5e-07,3.5e-07,3.5e-07,0.0,0.0
2017-09-16 04:57:00,3.5e-07,3.5e-07,3.5e-07,3.5e-07,4261.43,0.001491
2017-09-16 04:58:00,3.5e-07,3.5e-07,3.5e-07,3.5e-07,0.0,0.0
2017-09-16 04:59:00,3.6e-07,3.6e-07,3.5e-07,3.5e-07,10961.75,0.003946
2017-09-16 05:00:00,3.6e-07,3.6e-07,3.6e-07,3.6e-07,0.0,0.0
2017-09-16 05:01:00,3.6e-07,3.6e-07,3.6e-07,3.6e-07,0.0,0.0
2017-09-16 05:02:00,3.6e-07,3.6e-07,3.6e-07,3.6e-07,0.0,0.0
2017-09-16 05:03:00,3.5e-07,3.6e-07,3.5e-07,3.6e-07,2021666.67,0.727
2017-09-16 05:04:00,3.5e-07,3.6e-07,3.5e-07,3.5e-07,700984.08,0.2456
2017-09-16 05:05:00,3.6e-07,3.6e-07,3.5e-07,3.5e-07,893.32,0.0003162
2017-09-16 05:06:00,3.5e-07,3.6e-07,3.5e-07,3.6e-07,552981.47,0.1991
2017-09-16 05:07:00,3.5e-07,3.5e-07,3.5e-07,3.5e-07,0.0,0.0
2017-09-16 05:08:00,3.6e-07,3.6e-07,3.5e-07,3.5e-07,500.0,0.00018
2017-09-16 05:09:00,3.6e-07,3.6e-07,3.6e-07,3.6e-07,0.0,0.0
2017-09-16 05:10:00,3.5e-07,3.6e-07,3.5e-07,3.6e-07,68105.17,0.02384
2017-09-16 05:11:00,3.5e-07,3.5e-07,3.5e-07,3.5e-07,0.0,0.0
2017-09-16 05:12:00,3.5e-07,3.5e-07,3.5e-07,3.5e-07,0.0,0.0
2017-09-16 05:13:00,3.5e-07,3.5e-07,3.5e-07,3.5e-07,0.0,0.0
2017-09-16 05:14:00,3.5e-07,3.5e-07,3.5e-07,3.5e-07,0.0,0.0
2017-09-16 05:15:00,3.5e-07,3.5e-07,3.5e-07,3.5e-07,0.0,0.0
2017-09-16 05:16:00,3.5e-07,3.5e-07,3.5e-07,3.5e-07,57455.41,0.02011
2017-09-16 05:17:00,3.5e-07,3.5e-07,3.5e-07,3.5e-07,0.0,0.0
2017-09-16 05:18:00,3.5e-07,3.5e-07,3.5e-07,3.5e-07,125000.0,0.04375
2017-09-16 05:19:00,3.5e-07,3.5e-07,3.5e-07,3.5e-07,0.0,0.0
2017-09-16 05:20:00,3.5e-07,3.5e-07,3.5e-07,3.5e-07,314822.0,0.1102
2017-09-16 05:21:00,3.5e-07,3.5e-07,3.5e-07,3.5e-07,2008904.54,0.7031
2017-09-16 05:22:00,3.6e-07,3.6e-07,3.5e-07,3.5e-07,31343.69,0.01128
2017-09-16 05:23:00,3.6e-07,3.6e-07,3.6e-07,3.6e-07,0.0,0.0
2017-09-16 05:24:00,3.6e-07,3.6e-07,3.6e-07,3.6e-07,1135422.55,0.4088
2017-09-16 05:25:00,3.5e-07,3.6e-07,3.5e-07,3.6e-07,28596.31,0.01001
2017-09-16 05:26:00,3.6e-07,3.6e-07,3.5e-07,3.5e-07,30000.0,0.0108
2017-09-16 05:27:00,3.5e-07,3.6e-07,3.5e-07,3.6e-07,110000.0,0.0385
2017-09-16 05:28:00,3.5e-07,3.5e-07,3.5e-07,3.5e-07,0.0,0.0
2017-09-16 05:29:00,3.5e-07,3.5e-07,3.5e-07,3.5e-07,0.0,0.0
2017-09-16 05:30:00,3.5e-07,3.5e-07,3.5e-07,3.5e-07,701.76,0.0002456
2017-09-16 05:31:00,3.5e-07,3.5e-07,3.5e-07,3.5e-07,0.0,0.0
2017-09-16 05:32:00,3.6e-07,3.6e-07,3.5e-07,3.5e-07,1356.14,0.0004882
2017-09-16 05:33:00,3.6e-07,3.6e-07,3.5e-07,3.6e-07,436603.0,0.1572
2017-09-16 05:34:00,3.6e-07,3.6e-07,3.6e-07,3.6e-07,2702.7,0.000973
2017-09-16 05:35:00,3.6e-07,3.6e-07,3.6e-07,3.6e-07,282222.22,0.1016
2017-09-16 05:36:00,3.6e-07,3.6e-07,3.6e-07,3.6e-07,0.0,0.0
2017-09-16 05:37:00,3.6e-07,3.6e-07,3.6e-07,3.6e-07,100300.0,0.03611
2017-09-16 05:38:00,3.6e-07,3.6e-07,3.6e-07,3.6e-07,0.0,0.0
2017-09-16 05:39:00,3.5e-07,3.6e-07,3.5e-07,3.6e-07,3000.0,0.00105
2017-09-16 05:40:00,3.6e-07,3.6e-07,3.5e-07,3.5e-07,1388888.89,0.5
2017-09-16 05:41:00,3.6e-07,3.6e-07,3.6e-07,3.6e-07,0.0,0.0
2017-09-16 05:42:00,3.6e-07,3.6e-07,3.6e-07,3.6e-07,0.0,0.0
2017-09-16 05:43:00,3.6e-07,3.6e-07,3.6e-07,3.6e-07,0.0,0.0
2017-09-16 05:44:00,3.6e-07,3.6e-07,3.6e-07,3.6e-07,55906.97,0.02013
2017-09-16 05:45:00,3.6e-07,3.6e-07,3.6e-07,3.6e-07,0.0,0.0
2017-09-16 05:46:00,3.5e-07,3.6e-07,3.5e-07,3.6e-07,321.92,0.0001127
2017-09-16 05:47:00,3.6e-07,3.6e-07,3.5e-07,3.5e-07,5015.0,0.001805
2017-09-16 05:48:00,3.5e-07,3.6e-07,3.5e-07,3.6e-07,8312.5,0.002909
2017-09-16 05:49:00,3.6e-07,3.6e-07,3.5e-07,3.5e-07,499.89,0.00018
2017-09-16 05:50:00,3.6e-07,3.6e-07,3.6e-07,3.6e-07,0.0,0.0
2017-09-16 05:51:00,3.6e-07,3.6e-07,3.6e-07,3.6e-07,0.0,0.0
2017-09-16 05:52:00,3.6e-07,3.6e-07,3.6e-07,3.6e-07,8136.83,0.002929
2017-09-16 05:53:00,3.6e-07,3.6e-07,3.6e-07,3.6e-07,0.0,0.0
2017-09-16 05:54:00,3.6e-07,3.6e-07,3.6e-07,3.6e-07,1272038.12,0.4579
2017-09-16 05:55:00,3.6e-07,3.6e-07,3.6e-07,3.6e-07,0.0,0.0
2017-09-16 05:56:00,3.6e-07,3.6e-07,3.6e-07,3.6e-07,0.0,0.0
2017-09-16 05:57:00,3.6e-07,3.6e-07,3.6e-07,3.6e-07,0.0,0.0
2017-09-16 05:58:00,3.5e-07,3.6e-07,3.5e-07,3.6e-07,7777.78,0.00275
2017-09-16 05:59:00,3.5e-07,3.5e-07,3.5e-07,3.5e-07,0.0,0.0
2017-09-16 06:00:00,3.5e-07,3.5e-07,3.5e-07,3.5e-07,1108877.78,0.3881
2017-09-16 06:01:00,3.5e-07,3.5e-07,3.5e-07,3.5e-07,0.0,0.0
2017-09-16 06:02:00,3.5e-07,3.5e-07,3.5e-07,3.5e-07,0.0,0.0
2017-09-16 06:03:00,3.5e-07,3.5e-07,3.5e-07,3.5e-07,0.0,0.0
2017-09-16 06:04:00,3.6e-07,3.6e-07,3.5e-07,3.5e-07,2125.56,0.0007652
2017-09-16 06:05:00,3.6e-07,3.6e-07,3.6e-07,3.6e-07,138888.89,0.05
2017-09-16 06:06:00,3.6e-07,3.6e-07,3.6e-07,3.6e-07,0.0,0.0
2017-09-16 06:07:00,3.5e-07,3.6e-07,3.5e-07,3.6e-07,19450.0,0.006808
2017-09-16 06:08:00,3.5e-07,3.5e-07,3.5e-07,3.5e-07,0.0,0.0
2017-09-16 06:09:00,3.5e-07,3.5e-07,3.5e-07,3.5e-07,8226.14,0.002879
2017-09-16 06:10:00,3.5e-07,3.5e-07,3.5e-07,3.5e-07,0.0,0.0
2017-09-16 06:11:00,3.5e-07,3.5e-07,3.5e-07,3.5e-07,320.59,0.0001122
2017-09-16 06:12:00,3.6e-07,3.6e-07,3.5e-07,3.5e-07,81412.34,0.02931
2017-09-16 06:13:00,3.6e-07,3.6e-07,3.6e-07,3.6e-07,0.0,0.0
2017-09-16 06:14:00,3.6e-07,3.6e-07,3.6e-07,3.6e-07,0.0,0.0
2017-09-16 06:15:00,3.6e-07,3.6e-07,3.6e-07,3.6e-07,0.0,0.0
2017-09-16 06:16:00,3.6e-07,3.6e-07,3.6e-07,3.6e-07,0.0,0.0
2017-09-16 06:17:00,3.5e-07,3.6e-07,3.5e-07,3.6e-07,347.16,0.0001215
2017-09-16 06:18:00,3.5e-07,3.5e-07,3.5e-07,3.5e-07,0.0,0.0
2017-09-16 06:19:00,3.5e-07,3.5e-07,3.5e-07,3.5e-07,0.0,0.0
2017-09-16 06:20:00,3.5e-07,3.5e-07,3.5e-07,3.5e-07,0.0,0.0
2017-09-16 06:21:00,3.5e-07,3.5e-07,3.5e-07,3.5e-07,0.0,0.0
2017-09-16 06:22:00,3.5e-07,3.5e-07,3.5e-07,3.5e-07,0.0,0.0
2017-09-16 06:23:00,3.5e-07,3.5e-07,3.5e-07,3.5e-07,703.48,0.0002462
2017-09-16 06:24:00,3.5e-07,3.5e-07,3.5e-07,3.5e-07,0.0,0.0
2017-09-16 06:25:00,3.5e-07,3.5e-07,3.5e-07,3.5e-07,0.0,0.0
2017-09-16 06:26:00,3.5e-07,3.5e-07,3.5e-07,3.5e-07,0.0,0.0
2017-09-16 06:27:00,3.6e-07,3.6e-07,3.5e-07,3.5e-07,168261.05,0.06057
2017-09-16 06:28:00,3.6e-07,3.6e-07,3.6e-07,3.6e-07,44692.04,0.01609
2017-09-16 06:29:00,3.6e-07,3.6e-07,3.6e-07,3.6e-07,0.0,0.0
2017-09-16 06:30:00,3.6e-07,3.6e-07,3.6e-07,3.6e-07,0.0,0.0
2017-09-16 06:31:00,3.5e-07,3.6e-07,3.5e-07,3.6e-07,21338.03,0.007468
2017-09-16 06:32:00,3.5e-07,3.5e-07,3.5e-07,3.5e-07,0.0,0.0
2017-09-16 06:33:00,3.6e-07,3.6e-07,3.5e-07,3.5e-07,3009.0,0.001083
2017-09-16 06:34:00,3.5e-07,3.6e-07,3.5e-07,3.6e-07,2756.34,0.0009647
2017-09-16 06:35:00,3.5e-07,3.5e-07,3.5e-07,3.5e-07,0.0,0.0
2017-09-16 06:36:00,3.6e-07,3.6e-07,3.5e-07,3.5e-07,17721.0,0.00638
2017-09-16 06:37:00,3.6e-07,3.6e-07,3.6e-07,3.6e-07,46279.43,0.01666
2017-09-16 06:38:00,3.5e-07,3.6e-07,3.5e-07,3.6e-07,1160670.64,0.4062
2017-09-16 06:39:00,3.5e-07,3.5e-07,3.5e-07,3.5e-07,0.0,0.0
2017-09-16 06:40:00,3.5e-07,3.5e-07,3.5e-07,3.5e-07,997.5,0.0003491
2017-09-16 06:41:00,3.5e-07,3.5e-07,3.5e-07,3.5e-07,1000.0,0.00035
2017-09-16 06:42:00,3.5e-07,3.5e-07,3.5e-07,3.5e-07,0.0,0.0
2017-09-16 06:43:00,3.5e-07,3.5e-07,3.5e-07,3.5e-07,0.0,0.0
2017-09-16 06:44:00,3.6e-07,3.6e-07,3.5e-07,3.5e-07,31625.08,0.01139
2017-09-16 06:45:00,3.5e-07,3.6e-07,3.5e-07,3.6e-07,5000.0,0.00175
2017-09-16 06:46:00,3.5e-07,3.5e-07,3.5e-07,3.5e-07,0.0,0.0
2017-09-16 06:47:00,3.5e-07,3.5e-07,3.5e-07,3.5e-07,0.0,0.0
2017-09-16 06:48:00,3.5e-07,3.5e-07,3.5e-07,3.5e-07,1162626.69,0.4069
2017-09-16 06:49:00,3.5e-07,3.5e-07,3.5e-07,3.5e-07,57934.75,0.02028
2017-09-16 06:50:00,3.5e-07,3.5e-07,3.5e-07,3.5e-07,2919.23,0.001022
2017-09-16 06:51:00,3.5e-07,3.5e-07,3.5e-07,3.5e-07,0.0,0.0
2017-09-16 06:52:00,3.5e-07,3.5e-07,3.5e-07,3.5e-07,0.0,0.0
2017-09-16 06:53:00,3.5e-07,3.5e-07,3.5e-07,3.5e-07,0.0,0.0
2017-09-16 06:54:00,3.5e-07,3.5e-07,3.5e-07,3.5e-07,0.0,0.0
2017-09-16 06:55:00,3.5e-07,3.5e-07,3.5e-07,3.5e-07,0.0,0.0
2017-09-16 06:56:00,3.5e-07,3.5e-07,3.5e-07,3.5e-07,0.0,0.0
2017-09-16 06:57:00,3.5e-07,3.5e-07,3.5e-07,3.5e-07,0.0,0.0
2017-09-16 06:58:00,3.5e-07,3.5e-07,3.5e-07,3.5e-07,0.0,0.0
2017-09-16 06:59:00,3.6e-07,3.6e-07,3.5e-07,3.5e-07,302100.0,0.1088
2017-09-16 07:00:00,3.5e-07,3.6e-07,3.5e-07,3.6e-07,40886.84,0.01431
2017-09-16 07:01:00,3.6e-07,3.6e-07,3.5e-07,3.5e-07,27194.86,0.00979
2017-09-16 07:02:00,3.5e-07,3.6e-07,3.5e-07,3.6e-07,14584.1,0.005104
2017-09-16 07:03:00,3.5e-07,3.5e-07,3.5e-07,3.5e-07,0.0,0.0
2017-09-16 07:04:00,3.5e-07,3.5e-07,3.5e-07,3.5e-07,0.0,0.0
2017-09-16 07:05:00,3.5e-07,3.5e-07,3.5e-07,3.5e-07,0.0,0.0
2017-09-16 07:06:00,3.5e-07,3.5e-07,3.5e-07,3.5e-07,0.0,0.0
2017-09-16 07:07:00,3.5e-07,3.5e-07,3.5e-07,3.5e-07,0.0,0.0
2017-09-16 07:08:00,3.6e-07,3.6e-07,3.5e-07,3.5e-07,32991.0,0.01188
2017-09-16 07:09:00,3.6e-07,3.6e-07,3.6e-07,3.6e-07,232456.86,0.08368
2017-09-16 07:10:00,3.5e-07,3.6e-07,3.5e-07,3.6e-07,36119.86,0.01264
2017-09-16 07:11:00,3.5e-07,3.5e-07,3.5e-07,3.5e-07,0.0,0.0
2017-09-16 07:12:00,3.5e-07,3.5e-07,3.5e-07,3.5e-07,14965.58,0.005238
2017-09-16 07:13:00,3.5e-07,3.5e-07,3.5e-07,3.5e-07,0.0,0.0
2017-09-16 07:14:00,3.5e-07,3.5e-07,3.5e-07,3.5e-07,63860.06,0.02235
2017-09-16 07:15:00,3.6e-07,3.6e-07,3.5e-07,3.5e-07,5424.55,0.001953
2017-09-16 07:16:00,3.6e-07,3.6e-07,3.6e-07,3.6e-07,0.0,0.0
2017-09-16 07:17:00,3.6e-07,3.6e-07,3.6e-07,3.6e-07,0.0,0.0
2017-09-16 07:18:00,3.6e-07,3.6e-07,3.6e-07,3.6e-07,277.81,0.0001
2017-09-16 07:19:00,3.5e-07,3.6e-07,3.5e-07,3.6e-07,832692.44,0.2914
2017-09-16 07:20:00,3.6e-07,3.6e-07,3.5e-07,3.5e-07,82227.36,0.02928
2017-09-16 07:21:00,3.6e-07,3.6e-07,3.6e-07,3.6e-07,743.16,0.0002675
2017-09-16 07:22:00,3.6e-07,3.6e-07,3.6e-07,3.6e-07,0.0,0.0
2017-09-16 07:23:00,3.6e-07,3.6e-07,3.6e-07,3.6e-07,0.0,0.0
2017-09-16 07:24:00,3.6e-07,3.6e-07,3.6e-07,3.6e-07,0.0,0.0
2017-09-16 07:25:00,3.6e-07,3.6e-07,3.6e-07,3.6e-07,0.0,0.0
2017-09-16 07:26:00,3.6e-07,3.6e-07,3.6e-07,3.6e-07,0.0,0.0
2017-09-16 07:27:00,3.6e-07,3.6e-07,3.6e-07,3.6e-07,0.0,0.0
2017-09-16 07:28:00,3.5e-07,3.6e-07,3.5e-07,3.6e-07,57057.14,0.01997
2017-09-16 07:29:00,3.5e-07,3.5e-07,3.5e-07,3.5e-07,0.0,0.0
2017-09-16 07:30:00,3.5e-07,3.5e-07,3.5e-07,3.5e-07,0.0,0.0
2017-09-16 07:31:00,3.5e-07,3.5e-07,3.5e-07,3.5e-07,0.0,0.0
2017-09-16 07:32:00,3.6e-07,3.6e-07,3.5e-07,3.5e-07,71000.0,0.02556
2017-09-16 07:33:00,3.6e-07,3.6e-07,3.5e-07,3.6e-07,179131.21,0.06444
2017-09-16 07:34:00,3.6e-07,3.6e-07,3.6e-07,3.6e-07,5010.35,0.001804
2017-09-16 07:35:00,3.6e-07,3.6e-07,3.6e-07,3.6e-07,10077.0,0.003628
2017-09-16 07:36:00,3.6e-07,3.6e-07,3.6e-07,3.6e-07,0.0,0.0
2017-09-16 07:37:00,3.5e-07,3.6e-07,3.5e-07,3.6e-07,1000000.0,0.35
2017-09-16 07:38:00,3.5e-07,3.5e-07,3.5e-07,3.5e-07,738616.04,0.2585
2017-09-16 07:39:00,3.5e-07,3.5e-07,3.5e-07,3.5e-07,0.0,0.0
2017-09-16 07:40:00,3.5e-07,3.5e-07,3.5e-07,3.5e-07,0.0,0.0
2017-09-16 07:41:00,3.6e-07,3.6e-07,3.5e-07,3.5e-07,3254.73,0.001172
2017-09-16 07:42:00,3.6e-07,3.6e-07,3.6e-07,3.6e-07,300.0,0.000108
2017-09-16 07:43:00,3.5e-07,3.6e-07,3.5e-07,3.6e-07,10000.0,0.0035
2017-09-16 07:44:00,3.5e-07,3.5e-07,3.5e-07,3.5e-07,6465.42,0.002263
2017-09-16 07:45:00,3.6e-07,3.6e-07,3.5e-07,3.5e-07,2631.58,0.0009474
2017-09-16 07:46:00,3.6e-07,3.6e-07,3.6e-07,3.6e-07,0.0,0.0
2017-09-16 07:47:00,3.6e-07,3.6e-07,3.6e-07,3.6e-07,6677.98,0.002404
2017-09-16 07:48:00,3.5e-07,3.6e-07,3.5e-07,3.6e-07,174932.36,0.06123
2017-09-16 07:49:00,3.5e-07,3.5e-07,3.5e-07,3.5e-07,0.0,0.0
2017-09-16 07:50:00,3.5e-07,3.5e-07,3.5e-07,3.5e-07,67160.64,0.02351
2017-09-16 07:51:00,3.5e-07,3.5e-07,3.5e-07,3.5e-07,0.0,0.0
2017-09-16 07:52:00,3.5e-07,3.6e-07,3.5e-07,3.5e-07,90464.02,0.03193
2017-09-16 07:53:00,3.5e-07,3.5e-07,3.5e-07,3.5e-07,0.0,0.0
2017-09-16 07:54:00,3.5e-07,3.5e-07,3.5e-07,3.5e-07,0.0,0.0
2017-09-16 07:55:00,3.5e-07,3.5e-07,3.5e-07,3.5e-07,15128.79,0.005295
2017-09-16 07:56:00,3.5e-07,3.5e-07,3.5e-07,3.5e-07,0.0,0.0
2017-09-16 07:57:00,3.5e-07,3.5e-07,3.5e-07,3.5e-07,0.0,0.0
2017-09-16 07:58:00,3.5e-07,3.5e-07,3.5e-07,3.5e-07,0.0,0.0
2017-09-16 07:59:00,3.5e-07,3.5e-07,3.5e-07,3.5e-07,2619.57,0.0009168
2017-09-16 08:00:00,3.5e-07,3.5e-07,3.5e-07,3.5e-07,0.0,0.0
2017-09-16 08:01:00,3.5e-07,3.5e-07,3.5e-07,3.5e-07,0.0,0.0
2017-09-16 08:02:00,3.5e-07,3.5e-07,3.5e-07,3.5e-07,0.0,0.0
2017-09-16 08:03:00,3.5e-07,3.5e-07,3.5e-07,3.5e-07,0.0,0.0
2017-09-16 08:04:00,3.5e-07,3.5e-07,3.5e-07,3.5e-07,2300.33,0.0008051
2017-09-16 08:05:00,3.5e-07,3.5e-07,3.5e-07,3.5e-07,0.0,0.0
2017-09-16 08:06:00,3.5e-07,3.5e-07,3.5e-07,3.5e-07,0.0,0.0
2017-09-16 08:07:00,3.5e-07,3.5e-07,3.5e-07,3.5e-07,0.0,0.0
2017-09-16 08:08:00,3.6e-07,3.6e-07,3.5e-07,3.5e-07,228602.49,0.08228
2017-09-16 08:09:00,3.5e-07,3.6e-07,3.5e-07,3.6e-07,2462.72,0.000868
2017-09-16 08:10:00,3.5e-07,3.5e-07,3.5e-07,3.5e-07,0.0,0.0
2017-09-16 08:11:00,3.5e-07,3.5e-07,3.5e-07,3.5e-07,1098.14,0.0003843
2017-09-16 08:12:00,3.5e-07,3.5e-07,3.5e-07,3.5e-07,0.0,0.0
2017-09-16 08:13:00,3.5e-07,3.5e-07,3.5e-07,3.5e-07,0.0,0.0
2017-09-16 08:14:00,3.5e-07,3.5e-07,3.5e-07,3.5e-07,9395.52,0.003288
2017-09-16 08:15:00,3.6e-07,3.6e-07,3.5e-07,3.5e-07,951.33,0.0003425
2017-09-16 08:16:00,3.6e-07,3.6e-07,3.6e-07,3.6e-07,0.0,0.0
2017-09-16 08:17:00,3.6e-07,3.6e-07,3.6e-07,3.6e-07,0.0,0.0
2017-09-16 08:18:00,3.6e-07,3.6e-07,3.6e-07,3.6e-07,0.0,0.0
2017-09-16 08:19:00,3.6e-07,3.6e-07,3.6e-07,3.6e-07,0.0,0.0
2017-09-16 08:20:00,3.6e-07,3.6e-07,3.6e-07,3.6e-07,0.0,0.0
2017-09-16 08:21:00,3.6e-07,3.6e-07,3.6e-07,3.6e-07,0.0,0.0
2017-09-16 08:22:00,3.6e-07,3.6e-07,3.6e-07,3.6e-07,0.0,0.0
2017-09-16 08:23:00,3.6e-07,3.6e-07,3.6e-07,3.6e-07,0.0,0.0
2017-09-16 08:24:00,3.6e-07,3.6e-07,3.6e-07,3.6e-07,0.0,0.0
2017-09-16 08:25:00,3.6e-07,3.6e-07,3.6e-07,3.6e-07,0.0,0.0
2017-09-16 08:26:00,3.6e-07,3.6e-07,3.6e-07,3.6e-07,0.0,0.0
2017-09-16 08:27:00,3.5e-07,3.6e-07,3.5e-07,3.6e-07,70357.27,0.02532
2017-09-16 08:28:00,3.5e-07,3.5e-07,3.5e-07,3.5e-07,0.0,0.0
2017-09-16 08:29:00,3.5e-07,3.5e-07,3.5e-07,3.5e-07,0.0,0.0
2017-09-16 08:30:00,3.6e-07,3.6e-07,3.5e-07,3.5e-07,24367.81,0.008763
2017-09-16 08:31:00,3.5e-07,3.6e-07,3.5e-07,3.6e-07,337.33,0.0001181
2017-09-16 08:32:00,3.5e-07,3.5e-07,3.5e-07,3.5e-07,0.0,0.0
2017-09-16 08:33:00,3.5e-07,3.5e-07,3.5e-07,3.5e-07,0.0,0.0
2017-09-16 08:34:00,3.5e-07,3.5e-07,3.5e-07,3.5e-07,0.0,0.0
2017-09-16 08:35:00,3.5e-07,3.5e-07,3.5e-07,3.5e-07,0.0,0.0
2017-09-16 08:36:00,3.6e-07,3.6e-07,3.5e-07,3.5e-07,15388.89,0.00554
2017-09-16 08:37:00,3.5e-07,3.6e-07,3.5e-07,3.6e-07,532.27,0.0001863
2017-09-16 08:38:00,3.5e-07,3.5e-07,3.5e-07,3.5e-07,120500.0,0.04217
2017-09-16 08:39:00,3.5e-07,3.5e-07,3.5e-07,3.5e-07,1000000.0,0.35
2017-09-16 08:40:00,3.5e-07,3.5e-07,3.5e-07,3.5e-07,0.0,0.0
2017-09-16 08:41:00,3.5e-07,3.5e-07,3.5e-07,3.5e-07,5556329.06,1.94
2017-09-16 08:42:00,3.5e-07,3.5e-07,3.5e-07,3.5e-07,1267909.6,0.4438
2017-09-16 08:43:00,3.5e-07,3.5e-07,3.5e-07,3.5e-07,0.0,0.0
2017-09-16 08:44:00,3.5e-07,3.5e-07,3.5e-07,3.5e-07,6112.75,0.002139
2017-09-16 08:45:00,3.5e-07,3.5e-07,3.5e-07,3.5e-07,17353.78,0.006074
2017-09-16 08:46:00,3.5e-07,3.5e-07,3.5e-07,3.5e-07,7017.5,0.002456
2017-09-16 08:47:00,3.5e-07,3.5e-07,3.5e-07,3.5e-07,43333.0,0.01517
2017-09-16 08:48:00,3.5e-07,3.5e-07,3.5e-07,3.5e-07,0.0,0.0
2017-09-16 08:49:00,3.5e-07,3.5e-07,3.5e-07,3.5e-07,28571.43,0.01
2017-09-16 08:50:00,3.5e-07,3.5e-07,3.5e-07,3.5e-07,830.37,0.0002906
2017-09-16 08:51:00,3.5e-07,3.5e-07,3.5e-07,3.5e-07,1403.5,0.0004912
2017-09-16 08:52:00,3.5e-07,3.5e-07,3.5e-07,3.5e-07,566280.89,0.1982
2017-09-16 08:53:00,3.4e-07,3.5e-07,3.4e-07,3.5e-07,527.44,0.0001793
2017-09-16 08:54:00,3.4e-07,3.4e-07,3.4e-07,3.4e-07,0.0,0.0
2017-09-16 08:55:00,3.4e-07,3.4e-07,3.4e-07,3.4e-07,0.0,0.0
2017-09-16 08:56:00,3.4e-07,3.4e-07,3.4e-07,3.4e-07,6801.14,0.002312
2017-09-16 08:57:00,3.5e-07,3.5e-07,3.4e-07,3.4e-07,152391.51,0.05334
2017-09-16 08:58:00,3.5e-07,3.5e-07,3.5e-07,3.5e-07,0.0,0.0
2017-09-16 08:59:00,3.5e-07,3.5e-07,3.5e-07,3.5e-07,0.0,0.0
2017-09-16 09:00:00,3.5e-07,3.5e-07,3.5e-07,3.5e-07,0.0,0.0
2017-09-16 09:01:00,3.5e-07,3.5e-07,3.5e-07,3.5e-07,0.0,0.0
2017-09-16 09:02:00,3.5e-07,3.5e-07,3.5e-07,3.5e-07,0.0,0.0
2017-09-16 09:03:00,3.5e-07,3.5e-07,3.5e-07,3.5e-07,0.0,0.0
2017-09-16 09:04:00,3.5e-07,3.5e-07,3.5e-07,3.5e-07,0.0,0.0
2017-09-16 09:05:00,3.5e-07,3.5e-07,3.5e-07,3.5e-07,0.0,0.0
2017-09-16 09:06:00,3.5e-07,3.5e-07,3.5e-07,3.5e-07,0.0,0.0
2017-09-16 09:07:00,3.5e-07,3.5e-07,3.5e-07,3.5e-07,0.0,0.0
2017-09-16 09:08:00,3.5e-07,3.5e-07,3.5e-07,3.5e-07,0.0,0.0
2017-09-16 09:09:00,3.5e-07,3.5e-07,3.5e-07,3.5e-07,0.0,0.0
2017-09-16 09:10:00,3.5e-07,3.5e-07,3.5e-07,3.5e-07,0.0,0.0
2017-09-16 09:11:00,3.5e-07,3.5e-07,3.5e-07,3.5e-07,0.0,0.0
2017-09-16 09:12:00,3.5e-07,3.5e-07,3.5e-07,3.5e-07,0.0,0.0
2017-09-16 09:13:00,3.4e-07,3.5e-07,3.4e-07,3.5e-07,430445.35,0.1464
2017-09-16 09:14:00,3.4e-07,3.4e-07,3.4e-07,3.4e-07,2800.24,0.0009521
2017-09-16 09:15:00,3.5e-07,3.5e-07,3.4e-07,3.4e-07,394271.36,0.138
2017-09-16 09:16:00,3.5e-07,3.5e-07,3.5e-07,3.5e-07,0.0,0.0
2017-09-16 09:17:00,3.5e-07,3.5e-07,3.5e-07,3.5e-07,0.0,0.0
2017-09-16 09:18:00,3.5e-07,3.5e-07,3.5e-07,3.5e-07,0.0,0.0
2017-09-16 09:19:00,3.5e-07,3.5e-07,3.5e-07,3.5e-07,14285.71,0.005
2017-09-16 09:20:00,3.5e-07,3.5e-07,3.5e-07,3.5e-07,5714.29,0.002
2017-09-16 09:21:00,3.4e-07,3.5e-07,3.4e-07,3.5e-07,44556.77,0.01515
2017-09-16 09:22:00,3.4e-07,3.4e-07,3.4e-07,3.4e-07,0.0,0.0
2017-09-16 09:23:00,3.5e-07,3.5e-07,3.4e-07,3.4e-07,1436742.19,0.4886
2017-09-16 09:24:00,3.5e-07,3.5e-07,3.5e-07,3.5e-07,0.0,0.0
2017-09-16 09:25:00,3.4e-07,3.5e-07,3.4e-07,3.5e-07,636.77,0.0002165
2017-09-16 09:26:00,3.4e-07,3.4e-07,3.4e-07,3.4e-07,0.0,0.0
2017-09-16 09:27:00,3.4e-07,3.4e-07,3.4e-07,3.4e-07,0.0,0.0
2017-09-16 09:28:00,3.5e-07,3.5e-07,3.4e-07,3.4e-07,1142858.14,0.4
2017-09-16 09:29:00,3.5e-07,3.5e-07,3.5e-07,3.5e-07,1320696.35,0.4622
2017-09-16 09:30:00,3.5e-07,3.5e-07,3.5e-07,3.5e-07,0.0,0.0
2017-09-16 09:31:00,3.5e-07,3.5e-07,3.5e-07,3.5e-07,114285.71,0.04
2017-09-16 09:32:00,3.5e-07,3.5e-07,3.5e-07,3.5e-07,0.0,0.0
2017-09-16 09:33:00,3.5e-07,3.5e-07,3.5e-07,3.5e-07,896205.46,0.3137
2017-09-16 09:34:00,3.5e-07,3.5e-07,3.4e-07,3.5e-07,30714.31,0.0107
2017-09-16 09:35:00,3.4e-07,3.5e-07,3.4e-07,3.5e-07,76214.06,0.02591
2017-09-16 09:36:00,3.4e-07,3.4e-07,3.4e-07,3.4e-07,0.0,0.0
2017-09-16 09:37:00,3.5e-07,3.5e-07,3.4e-07,3.4e-07,821.72,0.0002876
2017-09-16 09:38:00,3.4e-07,3.5e-07,3.4e-07,3.5e-07,21469.55,0.0074
2017-09-16 09:39:00,3.5e-07,3.5e-07,3.4e-07,3.4e-07,146930.49,0.05143
2017-09-16 09:40:00,3.6e-07,3.6e-07,3.5e-07,3.5e-07,32532.79,0.01142
2017-09-16 09:41:00,3.6e-07,3.6e-07,3.6e-07,3.6e-07,0.0,0.0
2017-09-16 09:42:00,3.5e-07,3.6e-07,3.5e-07,3.6e-07,33325.71,0.01166
2017-09-16 09:43:00,3.5e-07,3.5e-07,3.5e-07,3.5e-07,7564.39,0.002648
2017-09-16 09:44:00,3.5e-07,3.5e-07,3.5e-07,3.5e-07,117999.99,0.0413
2017-09-16 09:45:00,3.5e-07,3.5e-07,3.5e-07,3.5e-07,40158.53,0.01406
2017-09-16 09:46:00,3.5e-07,3.5e-07,3.5e-07,3.5e-07,0.0,0.0
2017-09-16 09:47:00,3.6e-07,3.6e-07,3.5e-07,3.5e-07,404.08,0.0001455
2017-09-16 09:48:00,3.6e-07,3.6e-07,3.6e-07,3.6e-07,0.0,0.0
2017-09-16 09:49:00,3.6e-07,3.6e-07,3.6e-07,3.6e-07,0.0,0.0
2017-09-16 09:50:00,3.6e-07,3.6e-07,3.5e-07,3.6e-07,32533.33,0.0114
2017-09-16 09:51:00,3.6e-07,3.6e-07,3.5e-07,3.6e-07,249207.91,0.08723
2017-09-16 09:52:00,3.6e-07,3.6e-07,3.6e-07,3.6e-07,0.0,0.0
2017-09-16 09:53:00,3.6e-07,3.6e-07,3.6e-07,3.6e-07,0.0,0.0
2017-09-16 09:54:00,3.6e-07,3.6e-07,3.6e-07,3.6e-07,2500.0,0.0009
2017-09-16 09:55:00,3.5e-07,3.6e-07,3.5e-07,3.6e-07,27777.78,0.009722
2017-09-16 09:56:00,3.5e-07,3.5e-07,3.5e-07,3.5e-07,0.0,0.0
2017-09-16 09:57:00,3.5e-07,3.5e-07,3.5e-07,3.5e-07,11436.72,0.004003
2017-09-16 09:58:00,3.4e-07,3.5e-07,3.4e-07,3.5e-07,999659.25,0.3399
2017-09-16 09:59:00,3.4e-07,3.4e-07,3.4e-07,3.4e-07,13740.51,0.004672
2017-09-16 10:00:00,3.4e-07,3.4e-07,3.4e-07,3.4e-07,0.0,0.0
2017-09-16 10:01:00,3.4e-07,3.4e-07,3.4e-07,3.4e-07,0.0,0.0
2017-09-16 10:02:00,3.5e-07,3.5e-07,3.4e-07,3.4e-07,50000.0,0.0175
2017-09-16 10:03:00,3.5e-07,3.5e-07,3.5e-07,3.5e-07,0.0,0.0
2017-09-16 10:04:00,3.5e-07,3.5e-07,3.4e-07,3.5e-07,2968.63,0.001034
2017-09-16 10:05:00,3.5e-07,3.5e-07,3.5e-07,3.5e-07,1265.51,0.0004429
2017-09-16 10:06:00,3.4e-07,3.5e-07,3.4e-07,3.5e-07,1271963.55,0.4325
2017-09-16 10:07:00,3.5e-07,3.5e-07,3.4e-07,3.4e-07,663067.29,0.2321
2017-09-16 10:08:00,3.5e-07,3.5e-07,3.5e-07,3.5e-07,0.0,0.0
2017-09-16 10:09:00,3.4e-07,3.5e-07,3.4e-07,3.5e-07,800.0,0.000272
2017-09-16 10:10:00,3.4e-07,3.4e-07,3.4e-07,3.4e-07,0.0,0.0
2017-09-16 10:11:00,3.4e-07,3.4e-07,3.4e-07,3.4e-07,564960.59,0.1921
2017-09-16 10:12:00,3.4e-07,3.4e-07,3.4e-07,3.4e-07,13000.0,0.00442
2017-09-16 10:13:00,3.4e-07,3.4e-07,3.4e-07,3.4e-07,0.0,0.0
2017-09-16 10:14:00,3.4e-07,3.4e-07,3.4e-07,3.4e-07,0.0,0.0
2017-09-16 10:15:00,3.4e-07,3.4e-07,3.4e-07,3.4e-07,0.0,0.0
2017-09-16 10:16:00,3.4e-07,3.4e-07,3.4e-07,3.4e-07,88014.71,0.02992
2017-09-16 10:17:00,3.4e-07,3.4e-07,3.4e-07,3.4e-07,1093841.79,0.3719
2017-09-16 10:18:00,3.4e-07,3.4e-07,3.4e-07,3.4e-07,1824547.06,0.6203
2017-09-16 10:19:00,3.4e-07,3.4e-07,3.4e-07,3.4e-07,0.0,0.0
2017-09-16 10:20:00,3.4e-07,3.4e-07,3.4e-07,3.4e-07,0.0,0.0
2017-09-16 10:21:00,3.4e-07,3.4e-07,3.4e-07,3.4e-07,0.0,0.0
2017-09-16 10:22:00,3.4e-07,3.4e-07,3.4e-07,3.4e-07,0.0,0.0
2017-09-16 10:23:00,3.4e-07,3.4e-07,3.4e-07,3.4e-07,0.0,0.0
2017-09-16 10:24:00,3.4e-07,3.4e-07,3.4e-07,3.4e-07,0.0,0.0
2017-09-16 10:25:00,3.4e-07,3.4e-07,3.4e-07,3.4e-07,8469.53,0.00288
2017-09-16 10:26:00,3.4e-07,3.4e-07,3.4e-07,3.4e-07,0.0,0.0
2017-09-16 10:27:00,3.4e-07,3.4e-07,3.4e-07,3.4e-07,4080023.84,1.39
2017-09-16 10:28:00,3.4e-07,3.4e-07,3.4e-07,3.4e-07,0.0,0.0
2017-09-16 10:29:00,3.4e-07,3.4e-07,3.4e-07,3.4e-07,0.0,0.0
2017-09-16 10:30:00,3.4e-07,3.4e-07,3.4e-07,3.4e-07,354888.82,0.1207
2017-09-16 10:31:00,3.4e-07,3.4e-07,3.4e-07,3.4e-07,0.0,0.0
2017-09-16 10:32:00,3.4e-07,3.4e-07,3.4e-07,3.4e-07,200000.0,0.068
2017-09-16 10:33:00,3.4e-07,3.4e-07,3.4e-07,3.4e-07,900000.0,0.306
2017-09-16 10:34:00,3.4e-07,3.4e-07,3.4e-07,3.4e-07,0.0,0.0
2017-09-16 10:35:00,3.4e-07,3.4e-07,3.4e-07,3.4e-07,137291.06,0.04668
2017-09-16 10:36:00,3.4e-07,3.4e-07,3.4e-07,3.4e-07,0.0,0.0
2017-09-16 10:37:00,3.4e-07,3.4e-07,3.4e-07,3.4e-07,0.0,0.0
2017-09-16 10:38:00,3.5e-07,3.5e-07,3.4e-07,3.4e-07,857.14,0.0003
2017-09-16 10:39:00,3.5e-07,3.5e-07,3.5e-07,3.5e-07,2300.0,0.000805
2017-09-16 10:40:00,3.4e-07,3.5e-07,3.4e-07,3.5e-07,308178.89,0.1048
2017-09-16 10:41:00,3.4e-07,3.4e-07,3.4e-07,3.4e-07,31607.5,0.01075
2017-09-16 10:42:00,3.4e-07,3.4e-07,3.4e-07,3.4e-07,0.0,0.0
2017-09-16 10:43:00,3.4e-07,3.4e-07,3.4e-07,3.4e-07,0.0,0.0
2017-09-16 10:44:00,3.4e-07,3.4e-07,3.4e-07,3.4e-07,0.0,0.0
2017-09-16 10:45:00,3.4e-07,3.4e-07,3.4e-07,3.4e-07,0.0,0.0
2017-09-16 10:46:00,3.4e-07,3.4e-07,3.4e-07,3.4e-07,0.0,0.0
2017-09-16 10:47:00,3.4e-07,3.4e-07,3.4e-07,3.4e-07,0.0,0.0
2017-09-16 10:48:00,3.5e-07,3.5e-07,3.4e-07,3.4e-07,59174.04,0.02071
2017-09-16 10:49:00,3.5e-07,3.5e-07,3.5e-07,3.5e-07,0.0,0.0
2017-09-16 10:50:00,3.4e-07,3.5e-07,3.4e-07,3.5e-07,9887597.48,3.36
2017-09-16 10:51:00,3.4e-07,3.4e-07,3.3e-07,3.4e-07,164799.15,0.05461
2017-09-16 10:52:00,3.3e-07,3.4e-07,3.3e-07,3.4e-07,8000.0,0.00264
2017-09-16 10:53:00,3.3e-07,3.3e-07,3.3e-07,3.3e-07,1622.31,0.0005354
2017-09-16 10:54:00,3.3e-07,3.3e-07,3.3e-07,3.3e-07,137061.18,0.04523
2017-09-16 10:55:00,3.3e-07,3.3e-07,3.3e-07,3.3e-07,12549.29,0.004141
2017-09-16 10:56:00,3.3e-07,3.3e-07,3.3e-07,3.3e-07,0.0,0.0
2017-09-16 10:57:00,3.3e-07,3.3e-07,3.3e-07,3.3e-07,0.0,0.0
2017-09-16 10:58:00,3.3e-07,3.3e-07,3.3e-07,3.3e-07,0.0,0.0
2017-09-16 10:59:00,3.3e-07,3.4e-07,3.3e-07,3.3e-07,91658.72,0.03077
2017-09-16 11:00:00,3.3e-07,3.3e-07,3.3e-07,3.3e-07,0.0,0.0
2017-09-16 11:01:00,3.3e-07,3.3e-07,3.3e-07,3.3e-07,0.0,0.0
